,T10Y3MM,ICSA,UNRATE,PERMIT,UMCSENT,VIXCLS,USALOLITONOSTSAM,PCE,CPIAUCSL,INDPRO,CPILFESL,SP500,Recession
1960-01-31,,,5.2,1092.0,,,100.6913,323.6,29.37,24.1658,30.5,55.61000061035156,0.0
1960-02-29,,,4.8,1088.0,100.0,,100.4165,325.3,29.41,23.9508,30.6,56.119998931884766,0.0
1960-03-31,,,5.4,955.0,,,100.1121,330.2,29.41,23.7357,30.6,55.34000015258789,0.0
1960-04-30,,,5.2,1016.0,,,99.82441,336.5,29.54,23.5476,30.6,54.369998931884766,0.0
1960-05-31,,,5.1,1052.0,93.3,,99.57291,330.0,29.57,23.5207,30.6,55.83000183105469,1.0
1960-06-30,,,5.4,958.0,,,99.35302,330.1,29.61,23.225,30.7,56.91999816894531,1.0
1960-07-31,,,5.5,999.0,,,99.14601,331.4,29.55,23.1443,30.6,55.5099983215332,1.0
1960-08-31,,,5.6,994.0,97.2,,98.94968,331.6,29.61,23.1175,30.6,56.959999084472656,1.0
1960-09-30,,,5.5,984.0,,,98.75539,333.4,29.61,22.8755,30.6,53.52000045776367,1.0
1960-10-31,,,6.1,972.0,,,98.58868000000001,335.4,29.75,22.8487,30.8,53.38999938964844,1.0
1960-11-30,,,6.1,979.0,90.1,,98.4793,335.4,29.78,22.5261,30.8,55.540000915527344,1.0
1960-12-31,,,6.6,951.0,,,98.45916,331.3,29.81,22.096,30.7,58.11000061035156,1.0
1961-01-31,,,6.6,969.0,,,98.54543000000001,332.2,29.84,22.1229,30.8,61.779998779296875,1.0
1961-02-28,,,6.9,961.0,91.6,,98.7562,333.7,29.84,22.096,30.8,63.439998626708984,1.0
1961-03-31,,,6.9,1000.0,,,99.07895,337.7,29.84,22.2304,30.9,65.05999755859375,0.0
1961-04-30,,,7.0,1002.0,,,99.46701,337.6,29.81,22.6874,30.9,65.30999755859375,0.0
1961-05-31,,,7.1,1027.0,92.5,,99.86288,339.9,29.84,23.0368,30.9,66.55999755859375,0.0
1961-06-30,,,6.9,1070.0,,,100.2311,340.9,29.84,23.3594,31.0,64.63999938964844,0.0
1961-07-31,,,7.0,1083.0,,,100.5481,340.6,29.92,23.6282,31.0,66.76000213623047,0.0
1961-08-31,,,6.6,1159.0,99.2,,100.8071,342.1,29.94,23.8432,31.1,68.06999969482422,0.0
1961-09-30,,,6.7,1098.0,,,100.99600000000001,344.4,29.98,23.8164,31.1,66.7300033569336,0.0
1961-10-31,,,6.5,1123.0,,,101.1128,346.5,29.98,24.2733,31.1,68.62000274658203,0.0
1961-11-30,,,6.1,1152.0,93.0,,101.1628,349.9,29.98,24.6497,31.2,71.31999969482422,0.0
1961-12-31,,,6.0,1161.0,,,101.1342,352.4,30.01,24.8647,31.2,71.55000305175781,0.0
1962-01-31,,,5.8,1122.0,,,101.02,353.2,30.04,24.6496,31.2,68.83999633789062,0.0
1962-02-28,,,5.5,1194.0,99.9,,100.837,354.0,30.11,25.0529,31.2,69.95999908447266,0.0
1962-03-31,,,5.6,1134.0,,,100.5874,357.4,30.17,25.1873,31.3,69.55000305175781,0.0
1962-04-30,,,5.6,1235.0,,,100.2945,359.0,30.21,25.241,31.3,65.23999786376953,0.0
1962-05-31,,,5.5,1142.0,95.4,,99.99861,362.0,30.24,25.2141,31.4,59.630001068115234,0.0
1962-06-30,,,5.5,1154.0,,,99.74096999999999,360.4,30.21,25.1604,31.4,54.75,0.0
1962-07-31,,,5.4,1189.0,,,99.56329000000001,361.4,30.22,25.4023,31.4,58.22999954223633,0.0
1962-08-31,,,5.7,1200.0,91.6,,99.47346999999999,362.9,30.28,25.4292,31.5,59.119998931884766,0.0
1962-09-30,,,5.6,1223.0,,,99.46961,368.8,30.42,25.5905,31.5,56.27000045776367,0.0
1962-10-31,,,5.4,1181.0,,,99.53916,366.5,30.38,25.6174,31.5,56.52000045776367,0.0
1962-11-30,,,5.7,1236.0,95.0,,99.66577,371.7,30.38,25.7249,31.5,62.2599983215332,0.0
1962-12-31,,,5.5,1236.0,,,99.81844,373.6,30.38,25.7249,31.6,63.099998474121094,0.0
1963-01-31,,,5.7,1248.0,,,99.96941,374.4,30.44,25.913,31.5,66.19999694824219,0.0
1963-02-28,,,5.9,1212.0,98.4,,100.1003,373.4,30.48,26.2088,31.6,64.29000091552734,0.0
1963-03-31,,,5.7,1258.0,,,100.2036,375.0,30.51,26.37,31.7,66.56999969482422,0.0
1963-04-30,,,5.7,1288.0,,,100.2757,376.4,30.48,26.612,31.7,69.80000305175781,0.0
1963-05-31,,,5.9,1350.0,91.7,,100.3029,377.2,30.51,26.9345,31.7,70.80000305175781,0.0
1963-06-30,,,5.6,1345.0,,,100.285,381.7,30.61,27.0152,31.8,69.37000274658203,0.0
1963-07-31,,,5.6,1321.0,,,100.2416,384.4,30.69,26.9076,31.8,69.12999725341797,0.0
1963-08-31,,,5.4,1310.0,96.4,,100.1968,386.3,30.75,26.9614,31.9,72.5,0.0
1963-09-30,,,5.5,1413.0,,,100.1723,385.5,30.72,27.2302,31.9,71.69999694824219,0.0
1963-10-31,,,5.5,1414.0,,,100.1643,386.0,30.75,27.4184,32.0,74.01000213623047,0.0
1963-11-30,,,5.7,1357.0,94.4,,100.1683,389.4,30.78,27.5528,32.0,73.2300033569336,0.0
1963-12-31,,,5.5,1423.0,,,100.1967,394.7,30.88,27.499,32.1,75.0199966430664,0.0
1964-01-31,,,5.6,1296.0,,,100.2598,396.8,30.94,27.7409,32.2,77.04000091552734,0.0
1964-02-29,,,5.4,1442.0,99.5,,100.337,400.2,30.91,27.9291,32.2,77.80000305175781,0.0
1964-03-31,,,5.4,1313.0,,,100.4225,401.8,30.94,27.9291,32.2,78.9800033569336,0.0
1964-04-30,,,5.3,1264.0,,,100.5071,402.8,30.95,28.3861,32.2,79.45999908447266,0.0
1964-05-31,,,5.1,1299.0,98.5,,100.5844,408.4,30.98,28.5474,32.2,80.37000274658203,0.0
1964-06-30,,,5.2,1280.0,,,100.6539,411.4,31.01,28.628,32.3,81.69000244140625,0.0
1964-07-31,,,4.9,1304.0,,,100.7116,414.9,31.02,28.8162,32.3,83.18000030517578,0.0
1964-08-31,,,5.0,1306.0,100.6,,100.7502,417.7,31.05,29.0043,32.3,81.83000183105469,0.0
1964-09-30,,,5.1,1265.0,,,100.7887,416.6,31.08,29.1119,32.3,84.18000030517578,0.0
1964-10-31,,,5.1,1230.0,,,100.8324,419.6,31.12,28.7087,32.4,84.86000061035156,0.0
1964-11-30,,,4.8,1254.0,99.9,,100.8963,416.4,31.21,29.5957,32.5,84.41999816894531,0.0
1964-12-31,,,5.0,1164.0,,,100.9726,421.0,31.25,29.9452,32.5,84.75,0.0
1965-01-31,,,4.9,1264.0,,,101.0401,424.4,31.28,30.2677,32.6,87.55999755859375,0.0
1965-02-28,,,5.1,1185.0,102.0,,101.0802,431.4,31.28,30.4559,32.6,87.43000030517578,0.0
1965-03-31,,,4.7,1211.0,,,101.0817,433.3,31.31,30.8591,32.6,86.16000366210938,0.0
1965-04-30,,,4.8,1162.0,,,101.0416,437.1,31.38,30.9935,32.7,89.11000061035156,0.0
1965-05-31,,,4.6,1207.0,105.4,,100.9766,437.6,31.48,31.2354,32.7,88.41999816894531,0.0
1965-06-30,,,4.6,1241.0,,,100.9164,435.2,31.61,31.4774,32.7,84.12000274658203,0.0
1965-07-31,,,4.4,1237.0,,,100.8949,441.0,31.58,31.7731,32.7,85.25,0.0
1965-08-31,,,4.4,1249.0,103.4,,100.9297,444.4,31.55,31.9075,32.7,87.16999816894531,0.0
1965-09-30,,,4.3,1227.0,,,101.0271,452.0,31.62,31.9881,32.8,89.95999908447266,0.0
1965-10-31,,,4.2,1279.0,,,101.1765,458.5,31.65,32.3107,32.8,92.41999816894531,0.0
1965-11-30,,,4.1,1306.0,102.9,,101.3537,459.1,31.75,32.4451,32.9,91.61000061035156,0.0
1965-12-31,,,4.0,1315.0,,,101.5236,461.7,31.85,32.8483,33.0,92.43000030517578,0.0
1966-01-31,,,4.0,1325.0,,,101.6441,465.2,31.88,33.1709,33.0,92.87999725341797,0.0
1966-02-28,,,3.8,1159.0,100.0,,101.6732,470.2,32.08,33.3859,33.1,91.22000122070312,0.0
1966-03-31,,,3.8,1234.0,,,101.5878,475.0,32.18,33.8429,33.1,89.2300033569336,0.0
1966-04-30,,,3.8,1145.0,,,101.3903,476.9,32.28,33.8967,33.3,91.05999755859375,0.0
1966-05-31,,,3.9,1078.0,95.7,,101.1033,473.1,32.35,34.2192,33.4,86.12999725341797,0.0
1966-06-30,,,3.8,956.0,,,100.78200000000001,475.5,32.38,34.3805,33.5,84.73999786376953,0.0
1966-07-31,,,3.8,932.0,,,100.4533,480.6,32.45,34.5687,33.6,83.5999984741211,0.0
1966-08-31,,,3.8,877.0,91.2,,100.1348,483.2,32.65,34.5955,33.7,77.0999984741211,0.0
1966-09-30,,,3.7,774.0,,,99.83085,489.2,32.75,34.9181,33.8,76.55999755859375,0.0
1966-10-31,,,3.7,739.0,,,99.53641,488.3,32.85,35.16,34.0,80.19999694824219,0.0
1966-11-30,,,3.6,736.0,88.3,,99.26323000000001,490.1,32.88,34.9181,34.0,80.44999694824219,0.0
1966-12-31,,,3.8,743.0,,,99.02983,491.8,32.92,34.9987,34.1,80.33000183105469,0.0
1967-01-31,,204000.0,3.9,995.0,,,98.85871999999999,494.2,32.9,35.1638,34.2,86.61000061035156,0.0
1967-02-28,,242000.0,3.8,907.0,94.1,,98.76607,493.0,33.0,34.765,34.2,86.77999877929688,0.0
1967-03-31,,247000.0,3.8,955.0,,,98.77964,495.8,33.0,34.5691,34.3,90.19999694824219,0.0
1967-04-30,,255000.0,3.8,1035.0,,,98.90298,501.3,33.1,34.8951,34.4,94.01000213623047,0.0
1967-05-31,,228000.0,3.8,1076.0,95.9,,99.12391,502.2,33.1,34.5907,34.5,89.08000183105469,0.0
1967-06-30,,218000.0,3.9,1169.0,,,99.40025,506.8,33.3,34.5863,34.6,90.63999938964844,0.0
1967-07-31,,209000.0,3.8,1177.0,,,99.69651,506.7,33.4,34.5076,34.7,94.75,0.0
1967-08-31,,213000.0,3.8,1229.0,97.0,,99.98224,509.8,33.5,35.1687,34.9,93.63999938964844,0.0
1967-09-30,,204000.0,3.8,1279.0,,,100.2284,515.6,33.6,35.1116,35.0,96.70999908447266,0.0
1967-10-31,,207000.0,4.0,1280.0,,,100.4244,512.2,33.7,35.3976,35.1,93.30000305175781,0.0
1967-11-30,,191000.0,3.9,1297.0,92.9,,100.5662,517.4,33.9,35.9038,35.2,94.0,0.0
1967-12-31,,216000.0,3.8,1315.0,,,100.6552,525.1,34.0,36.2905,35.4,96.47000122070312,0.0
1968-01-31,,198000.0,3.7,1179.0,,,100.6881,530.9,34.1,36.2514,35.5,92.23999786376953,0.0
1968-02-29,,193000.0,3.8,1342.0,97.2,,100.6923,533.6,34.2,36.3813,35.7,89.36000061035156,0.0
1968-03-31,,192000.0,3.7,1370.0,,,100.6864,544.3,34.3,36.4949,35.8,90.19999694824219,0.0
1968-04-30,,251000.0,3.5,1286.0,,,100.6806,544.0,34.4,36.5477,35.9,97.45999908447266,0.0
1968-05-31,,194000.0,3.5,1297.0,92.4,,100.6819,549.8,34.5,36.9577,36.0,98.68000030517578,0.0
1968-06-30,,194000.0,3.7,1300.0,,,100.7034,556.3,34.7,37.0934,36.2,99.58000183105469,0.0
1968-07-31,,205000.0,3.7,1344.0,,,100.7575,563.2,34.9,37.0366,36.4,97.73999786376953,0.0
1968-08-31,,188000.0,3.5,1357.0,92.4,,100.855,567.0,35.0,37.1399,36.5,98.86000061035156,0.0
1968-09-30,,189000.0,3.4,1464.0,,,100.9957,568.2,35.1,37.2806,36.7,102.66999816894531,0.0
1968-10-31,,182000.0,3.4,1421.0,,,101.1359,571.6,35.3,37.3546,36.9,103.41000366210938,0.0
1968-11-30,,162000.0,3.4,1436.0,91.7,,101.22399999999999,576.7,35.4,37.8378,37.1,108.37000274658203,0.0
1968-12-31,,223000.0,3.4,1389.0,,,101.2417,576.5,35.6,37.9573,37.2,103.86000061035156,0.0
1969-01-31,,193000.0,3.4,1459.0,,,101.1935,583.5,35.7,38.1869,37.3,103.01000213623047,0.0
1969-02-28,,192000.0,3.4,1495.0,98.2,,101.0867,588.7,35.8,38.4313,37.6,98.12999725341797,0.0
1969-03-31,,183000.0,3.4,1438.0,,,100.9302,588.9,36.1,38.7326,37.8,101.51000213623047,0.0
1969-04-30,,177000.0,3.4,1441.0,,,100.7249,593.9,36.3,38.5901,38.1,103.69000244140625,0.0
1969-05-31,,187000.0,3.4,1328.0,91.5,,100.4757,600.3,36.4,38.4443,38.1,103.45999908447266,0.0
1969-06-30,,203000.0,3.5,1349.0,,,100.2232,600.9,36.6,38.8198,38.3,97.70999908447266,0.0
1969-07-31,,192000.0,3.5,1278.0,,,99.99941,602.7,36.8,39.0248,38.5,91.83000183105469,0.0
1969-08-31,,195000.0,3.5,1317.0,86.4,,99.81284000000001,609.9,36.9,39.1145,38.7,95.51000213623047,0.0
1969-09-30,,193000.0,3.7,1263.0,,,99.6427,613.2,37.1,39.1057,38.9,93.12000274658203,0.0
1969-10-31,,205000.0,3.7,1216.0,,,99.45759,618.5,37.3,39.1171,39.1,97.12000274658203,0.0
1969-11-30,,202000.0,3.5,1191.0,79.7,,99.23992,620.5,37.5,38.7484,39.2,93.80999755859375,0.0
1969-12-31,,223000.0,3.5,1155.0,,,98.98592,622.8,37.7,38.6444,39.4,92.05999755859375,0.0
1970-01-31,,239000.0,3.9,1062.0,,,98.70324000000001,628.7,37.9,37.9288,39.6,85.0199966430664,1.0
1970-02-28,,242000.0,4.2,1118.0,78.1,,98.42298000000001,634.0,38.1,37.9038,39.8,89.5,1.0
1970-03-31,,276000.0,4.4,1132.0,,,98.17241999999999,632.3,38.3,37.8546,40.1,89.62999725341797,1.0
1970-04-30,,349000.0,4.6,1224.0,,,97.97534,636.0,38.5,37.7573,40.4,81.5199966430664,1.0
1970-05-31,,301000.0,4.8,1328.0,75.4,,97.85788000000001,642.4,38.6,37.7133,40.5,76.55000305175781,1.0
1970-06-30,,291000.0,4.9,1322.0,,,97.81253000000001,646.3,38.8,37.5913,40.8,72.72000122070312,1.0
1970-07-31,,287000.0,5.0,1324.0,,,97.81306,648.5,38.9,37.6836,40.9,78.05000305175781,1.0
1970-08-31,,297000.0,5.1,1394.0,77.6,,97.85154,652.9,39.0,37.6164,41.1,81.5199966430664,1.0
1970-09-30,,333000.0,5.4,1426.0,,,97.94428,659.1,39.2,37.3571,41.3,84.30000305175781,1.0
1970-10-31,,327000.0,5.5,1564.0,,,98.12047,658.3,39.4,36.6098,41.5,83.25,1.0
1970-11-30,,337000.0,5.9,1502.0,72.4,,98.41434,656.6,39.6,36.3881,41.8,87.19999694824219,1.0
1970-12-31,,321000.0,6.1,1767.0,,,98.81815999999999,665.6,39.8,37.2237,42.0,92.1500015258789,0.0
1971-01-31,,292000.0,5.9,1643.0,,,99.25796,676.1,39.9,37.5101,42.1,95.87999725341797,0.0
1971-02-28,,290000.0,5.9,1588.0,78.1,,99.65057,679.4,39.9,37.4386,42.2,96.75,0.0
1971-03-31,,300000.0,6.0,1759.0,,,99.9437,682.0,40.0,37.398,42.2,100.30999755859375,0.0
1971-04-30,,288000.0,5.9,1745.0,,,100.1342,688.8,40.1,37.608,42.4,103.94999694824219,0.0
1971-05-31,,299000.0,5.9,1972.0,80.2,,100.2317,691.1,40.3,37.7989,42.6,99.62999725341797,0.0
1971-06-30,,291000.0,5.9,1903.0,,,100.2655,699.8,40.5,37.9574,42.8,98.69999694824219,0.0
1971-07-31,,308000.0,6.0,2069.0,,,100.2726,698.9,40.6,37.8472,42.9,95.58000183105469,0.0
1971-08-31,,307000.0,6.1,2004.0,82.1,,100.29299999999999,704.9,40.7,37.6276,43.0,99.02999877929688,0.0
1971-09-30,,308000.0,6.0,1996.0,,,100.3683,713.0,40.8,38.2391,43.0,98.33999633789062,0.0
1971-10-31,,283000.0,5.8,2026.0,,,100.5288,715.8,40.9,38.5253,43.1,94.2300033569336,0.0
1971-11-30,,278000.0,6.0,2079.0,82.0,,100.7866,720.9,41.0,38.6888,43.2,93.98999786376953,0.0
1971-12-31,,244000.0,6.0,2133.0,,,101.1248,728.4,41.1,39.1355,43.3,102.08999633789062,0.0
1972-01-31,,269000.0,5.8,2238.0,,,101.479,731.5,41.2,40.0728,43.5,103.94000244140625,0.0
1972-02-29,,254000.0,5.7,2169.0,92.8,,101.7954,736.2,41.4,40.4789,43.6,106.56999969482422,0.0
1972-03-31,,264000.0,5.8,2105.0,,,102.0431,749.2,41.4,40.761,43.6,107.19999694824219,0.0
1972-04-30,,265000.0,5.7,2139.0,,,102.2257,752.5,41.5,41.1654,43.8,107.66999816894531,0.0
1972-05-31,,267000.0,5.7,2067.0,88.6,,102.3657,758.0,41.6,41.1693,43.9,109.52999877929688,0.0
1972-06-30,,286000.0,5.7,2183.0,,,102.4893,761.6,41.7,41.2778,44.0,107.13999938964844,0.0
1972-07-31,,247000.0,5.6,2195.0,,,102.6292,769.9,41.8,41.2389,44.1,107.38999938964844,0.0
1972-08-31,,262000.0,5.6,2263.0,95.2,,102.8067,776.3,41.9,41.805,44.3,111.08999633789062,0.0
1972-09-30,,251000.0,5.5,2393.0,,,103.0028,781.1,42.1,42.1288,44.3,110.55000305175781,0.0
1972-10-31,,234000.0,5.6,2354.0,,,103.1865,794.9,42.2,42.6703,44.4,111.58000183105469,0.0
1972-11-30,,235000.0,5.3,2234.0,90.7,,103.3331,800.5,42.4,43.1755,44.4,116.66999816894531,0.0
1972-12-31,,225000.0,5.2,2419.0,,,103.4109,806.1,42.5,43.6617,44.6,118.05000305175781,0.0
1973-01-31,,214000.0,4.9,2271.0,,,103.3983,816.5,42.7,43.9783,44.6,116.02999877929688,0.0
1973-02-28,,218000.0,5.0,2226.0,81.9,,103.2861,825.8,43.0,44.6103,44.8,111.68000030517578,0.0
1973-03-31,,222000.0,4.9,2062.0,,,103.0714,832.8,43.4,44.6294,45.0,111.5199966430664,0.0
1973-04-30,,236000.0,5.0,1908.0,,,102.7703,835.7,43.7,44.568,45.1,106.97000122070312,0.0
1973-05-31,,238000.0,4.9,1931.0,77.0,,102.4172,841.6,43.9,44.8608,45.3,104.94999694824219,0.0
1973-06-30,,237000.0,4.9,2051.0,,,102.055,844.3,44.2,44.9186,45.4,104.26000213623047,0.0
1973-07-31,,250000.0,4.8,1819.0,,,101.7179,854.1,44.2,45.085,45.5,108.22000122070312,0.0
1973-08-31,,254000.0,4.8,1809.0,72.0,,101.4266,853.3,45.0,45.0221,45.7,104.25,0.0
1973-09-30,,249000.0,4.8,1704.0,,,101.1945,869.2,45.2,45.3801,46.0,108.43000030517578,0.0
1973-10-31,,235000.0,4.6,1411.0,,,101.0066,868.2,45.6,45.7462,46.3,108.29000091552734,0.0
1973-11-30,,233000.0,4.8,1402.0,76.5,,100.8221,876.9,45.9,45.9548,46.5,95.95999908447266,0.0
1973-12-31,,300000.0,4.9,1288.0,,,100.6252,876.6,46.3,45.8252,46.7,97.55000305175781,1.0
1974-01-31,,291000.0,5.1,1331.0,,,100.4248,884.5,46.8,45.5207,46.9,96.56999969482422,1.0
1974-02-28,,292000.0,5.2,1360.0,61.8,,100.1971,889.7,47.3,45.3825,47.2,96.22000122070312,1.0
1974-03-31,,323000.0,5.1,1440.0,,,99.92331,901.4,47.8,45.3798,47.6,93.9800033569336,1.0
1974-04-30,,283000.0,5.1,1254.0,,,99.58797,910.8,48.1,45.247,47.9,90.30999755859375,1.0
1974-05-31,,309000.0,5.1,1138.0,72.1,,99.19759,922.4,48.6,45.6083,48.5,87.27999877929688,1.0
1974-06-30,,325000.0,5.4,1086.0,,,98.76356,928.0,49.0,45.5216,49.0,86.0,1.0
1974-07-31,,320000.0,5.5,1002.0,,,98.29788,937.9,49.3,45.6136,49.5,79.30999755859375,1.0
1974-08-31,,350000.0,5.5,917.0,64.4,,97.80349,954.8,49.9,45.1303,50.2,72.1500015258789,1.0
1974-09-30,,366000.0,5.9,840.0,,,97.29028000000001,955.1,50.6,45.1377,50.7,63.540000915527344,1.0
1974-10-31,,414000.0,6.0,824.0,,,96.80699,959.2,51.0,44.995,51.2,73.9000015258789,1.0
1974-11-30,,474000.0,6.6,783.0,59.5,,96.39721999999999,956.2,51.5,43.5148,51.6,69.97000122070312,1.0
1974-12-31,,537000.0,7.2,869.0,,,96.12173,961.8,51.9,41.9503,52.0,68.55999755859375,1.0
1975-01-31,,555000.0,8.1,726.0,,,96.03522,975.6,52.3,41.3689,52.3,76.9800033569336,1.0
1975-02-28,,544000.0,8.1,729.0,57.6,,96.12878,989.4,52.6,40.4252,52.8,81.58999633789062,1.0
1975-03-31,,555000.0,8.6,709.0,,,96.374,990.6,52.8,39.9804,53.0,83.36000061035156,1.0
1975-04-30,,513000.0,8.8,866.0,,,96.7403,995.0,53.0,40.0572,53.3,87.30000305175781,0.0
1975-05-31,,475000.0,9.0,914.0,72.8,,97.17007,1018.9,53.1,39.9402,53.5,91.1500015258789,0.0
1975-06-30,,459000.0,8.8,946.0,,,97.62246999999999,1026.8,53.5,40.1927,53.8,95.19000244140625,0.0
1975-07-31,,454000.0,8.6,1020.0,,,98.06983000000001,1039.8,54.0,40.6115,54.0,88.75,0.0
1975-08-31,,446000.0,8.4,994.0,75.7,,98.48931,1047.0,54.2,41.0114,54.2,86.87999725341797,0.0
1975-09-30,,445000.0,8.4,1064.0,,,98.8787,1054.8,54.6,41.5422,54.5,83.87000274658203,0.0
1975-10-31,,426000.0,8.4,1096.0,,,99.24828000000001,1060.9,54.9,41.7224,54.8,89.04000091552734,0.0
1975-11-30,,387000.0,8.3,1110.0,75.6,,99.6096,1075.8,55.3,41.7797,55.2,91.23999786376953,0.0
1975-12-31,,391000.0,8.2,1091.0,,,99.96946,1092.1,55.6,42.3462,55.5,90.19000244140625,0.0
1976-01-31,,359000.0,7.9,1195.0,,,100.3134,1107.1,55.8,42.9082,55.9,100.86000061035156,0.0
1976-02-29,,349000.0,7.7,1190.0,84.6,,100.603,1107.7,55.9,43.3407,56.2,99.70999908447266,0.0
1976-03-31,,366000.0,7.6,1164.0,,,100.809,1114.9,56.0,43.4281,56.5,102.7699966430664,0.0
1976-04-30,,367000.0,7.7,1132.0,,,100.9324,1125.4,56.1,43.6518,56.7,101.63999938964844,0.0
1976-05-31,,402000.0,7.4,1194.0,83.3,,100.9854,1122.7,56.4,43.8315,57.0,100.18000030517578,0.0
1976-06-30,,387000.0,7.6,1188.0,,,100.9924,1140.5,56.7,43.8775,57.2,104.27999877929688,0.0
1976-07-31,,388000.0,7.8,1245.0,,,100.9748,1149.6,57.0,44.1248,57.6,103.44000244140625,0.0
1976-08-31,,394000.0,7.8,1309.0,89.7,,100.9474,1158.0,57.3,44.4262,57.9,102.91000366210938,0.0
1976-09-30,,423000.0,7.6,1481.0,,,100.9362,1168.8,57.6,44.5711,58.2,105.23999786376953,0.0
1976-10-31,,414000.0,7.7,1425.0,,,100.9624,1176.8,57.9,44.56,58.5,102.9000015258789,0.0
1976-11-30,,377000.0,7.8,1531.0,87.0,,101.0477,1189.0,58.1,45.2454,58.7,102.0999984741211,0.0
1976-12-31,,333000.0,7.8,1511.0,,,101.1862,1211.5,58.4,45.731,58.9,107.45999908447266,0.0
1977-01-31,,422000.0,7.5,1466.0,,,101.3507,1215.0,58.7,45.4156,59.3,102.02999877929688,0.0
1977-02-28,,362000.0,7.6,1560.0,87.1,,101.5198,1231.3,59.3,46.1358,59.7,99.81999969482422,0.0
1977-03-31,,356000.0,7.4,1660.0,,,101.6686,1238.3,59.6,46.7158,60.0,98.41999816894531,0.0
1977-04-30,,375000.0,7.2,1660.0,,,101.7679,1247.3,60.0,47.1719,60.3,98.44000244140625,0.0
1977-05-31,,381000.0,7.0,1668.0,90.2,,101.8113,1257.1,60.2,47.541,60.6,96.12000274658203,0.0
1977-06-30,,365000.0,7.2,1752.0,,,101.7991,1263.6,60.5,47.9063,61.0,100.4800033569336,0.0
1977-07-31,,365000.0,6.9,1687.0,,,101.7422,1280.5,60.8,47.9714,61.2,98.8499984741211,0.0
1977-08-31,,365000.0,7.0,1780.0,89.0,,101.6596,1285.7,61.1,48.0157,61.5,96.7699966430664,0.0
1977-09-30,,380000.0,6.8,1674.0,,,101.5761,1294.5,61.3,48.2097,61.8,96.52999877929688,0.0
1977-10-31,,349000.0,6.8,1758.0,,,101.5061,1311.4,61.6,48.2839,62.0,92.33999633789062,0.0
1977-11-30,,354000.0,6.8,1771.0,84.4,,101.4508,1327.0,62.0,48.3755,62.3,94.83000183105469,0.0
1977-12-31,,364000.0,6.4,1754.0,,,101.4155,1336.0,62.3,48.4573,62.7,95.0999984741211,0.0
1978-01-31,,363000.0,6.4,1740.0,83.7,,101.4107,1329.5,62.7,47.7512,63.1,89.25,0.0
1978-02-28,,371000.0,6.3,1736.0,84.3,,101.4465,1355.1,63.0,48.0098,63.4,87.04000091552734,0.0
1978-03-31,,335000.0,6.3,1799.0,78.8,,101.5522,1377.5,63.4,48.9358,63.8,89.20999908447266,0.0
1978-04-30,,324000.0,6.1,1948.0,81.6,,101.7013,1396.4,63.9,49.9074,64.3,96.83000183105469,0.0
1978-05-31,,318000.0,6.0,1766.0,82.9,,101.8521,1412.0,64.5,50.1513,64.7,97.23999786376953,0.0
1978-06-30,,330000.0,5.9,1983.0,80.0,,101.9661,1425.8,65.0,50.4751,65.2,95.52999877929688,0.0
1978-07-31,,346000.0,6.2,1786.0,82.4,,102.0217,1426.8,65.5,50.4371,65.6,100.68000030517578,0.0
1978-08-31,,333000.0,5.9,1691.0,78.4,,102.0104,1447.0,65.9,50.6393,66.1,103.29000091552734,0.0
1978-09-30,,318000.0,6.0,1751.0,80.4,,101.9343,1452.9,66.5,50.7631,66.7,102.54000091552734,0.0
1978-10-31,,316000.0,5.8,1781.0,79.3,,101.7997,1466.9,67.1,51.1523,67.2,93.1500015258789,0.0
1978-11-30,,359000.0,5.9,1795.0,75.0,,101.6261,1480.6,67.5,51.5456,67.6,94.69999694824219,0.0
1978-12-31,,358000.0,6.0,1818.0,66.1,,101.4461,1496.5,67.9,51.806,68.0,96.11000061035156,0.0
1979-01-31,,342000.0,5.9,1461.0,72.1,,101.2866,1502.4,68.5,51.525,68.5,99.93000030517578,0.0
1979-02-28,,360000.0,5.9,1492.0,73.9,,101.1317,1517.8,69.2,51.778,69.2,96.27999877929688,0.0
1979-03-31,,360000.0,5.8,1720.0,68.4,,100.9535,1531.2,69.9,51.9382,69.8,101.58999633789062,0.0
1979-04-30,,357000.0,5.8,1597.0,66.0,,100.7395,1538.4,70.6,51.3251,70.3,101.76000213623047,0.0
1979-05-31,,349000.0,5.6,1684.0,68.1,,100.5063,1558.8,71.4,51.7782,70.8,99.08000183105469,0.0
1979-06-30,,369000.0,5.7,1640.0,65.8,,100.2645,1575.7,72.2,51.7865,71.3,102.91000366210938,0.0
1979-07-31,,386000.0,5.7,1534.0,60.4,,100.0258,1586.1,73.0,51.7029,71.9,103.80999755859375,0.0
1979-08-31,,390000.0,6.0,1591.0,64.5,,99.80067,1615.6,73.7,51.3658,72.7,109.31999969482422,0.0
1979-09-30,,390000.0,5.9,1638.0,66.7,,99.5807,1633.9,74.4,51.3623,73.3,109.31999969482422,0.0
1979-10-31,,398000.0,6.0,1481.0,62.1,,99.34786,1641.6,75.2,51.7175,74.0,101.81999969482422,0.0
1979-11-30,,414000.0,5.9,1276.0,63.3,,99.09998,1657.3,76.0,51.6341,74.8,106.16000366210938,0.0
1979-12-31,,428000.0,6.0,1254.0,61.0,,98.84312,1666.3,76.9,51.6694,75.7,107.94000244140625,0.0
1980-01-31,,412000.0,6.3,1280.0,67.0,,98.57851,1697.3,78.0,51.944,76.7,114.16000366210938,0.0
1980-02-29,,428000.0,6.3,1199.0,66.9,,98.29086,1701.4,79.0,51.9633,77.5,113.66000366210938,1.0
1980-03-31,,475000.0,6.3,988.0,56.5,,98.01623000000001,1708.2,80.1,51.7454,78.6,102.08999633789062,1.0
1980-04-30,,563000.0,6.9,808.0,52.7,,97.86433000000001,1695.2,80.9,50.7197,79.5,106.29000091552734,1.0
1980-05-31,,637000.0,7.5,861.0,51.7,,97.91743000000001,1700.1,81.7,49.4766,80.1,111.23999786376953,1.0
1980-06-30,,627000.0,7.6,1118.0,58.7,,98.20581,1718.8,82.5,48.8383,81.0,114.23999786376953,1.0
1980-07-31,,558000.0,7.8,1259.0,62.3,,98.66565,1747.1,82.6,48.4907,80.8,121.66999816894531,1.0
1980-08-31,,502000.0,7.7,1367.0,67.3,,99.18262,1763.8,83.2,48.6456,81.3,122.37999725341797,0.0
1980-09-30,,463000.0,7.5,1484.0,73.7,,99.6339,1780.5,83.9,49.4578,82.1,125.45999908447266,0.0
1980-10-31,,418000.0,7.5,1366.0,75.0,,99.9305,1817.1,84.7,50.0861,83.0,127.47000122070312,0.0
1980-11-30,,412000.0,7.5,1383.0,76.7,,100.0492,1826.8,85.6,50.9209,83.9,140.52000427246094,0.0
1980-12-31,,399000.0,7.2,1249.0,64.5,,100.0306,1851.7,86.4,51.257,84.9,135.75999450683594,0.0
1981-01-31,,419000.0,7.5,1221.0,71.4,,99.94303000000001,1870.0,87.2,50.9328,85.4,129.5500030517578,0.0
1981-02-28,,434000.0,7.4,1199.0,66.9,,99.8328,1884.2,88.0,50.7237,85.9,131.27000427246094,0.0
1981-03-31,,412000.0,7.4,1183.0,66.5,,99.72244,1902.9,88.6,50.9806,86.4,136.0,0.0
1981-04-30,,436000.0,7.2,1190.0,72.4,,99.58408,1904.4,89.1,50.7661,87.0,132.80999755859375,0.0
1981-05-31,,417000.0,7.5,1173.0,76.3,,99.39135,1913.8,89.7,51.0552,87.8,132.58999633789062,0.0
1981-06-30,,444000.0,7.5,976.0,73.1,,99.15803000000001,1934.5,90.5,51.3214,88.6,131.2100067138672,0.0
1981-07-31,,407000.0,7.2,935.0,74.1,,98.91457,1942.1,91.5,51.6555,89.8,130.9199981689453,0.0
1981-08-31,,451000.0,7.4,889.0,77.2,,98.66516,1966.6,92.2,51.5903,90.7,122.79000091552734,1.0
1981-09-30,,491000.0,7.6,847.0,73.1,,98.39061,1965.5,93.1,51.3429,91.8,116.18000030517578,1.0
1981-10-31,,514000.0,7.9,731.0,70.3,,98.10247,1963.9,93.4,50.9463,92.1,121.88999938964844,1.0
1981-11-30,,552000.0,8.3,748.0,62.5,,97.81953,1970.6,93.8,50.3546,92.5,126.3499984741211,1.0
1981-12-31,,556000.0,8.5,796.0,64.3,,97.5635,1988.8,94.1,49.8086,93.0,122.55000305175781,1.0
1982-01-31,1.67,583000.0,8.6,794.0,71.0,,97.32259,1997.1,94.4,48.7877,93.3,120.4000015258789,1.0
1982-02-28,0.15,528000.0,8.9,808.0,66.5,,97.07986,2021.2,94.7,49.7839,93.8,113.11000061035156,1.0
1982-03-31,0.55,574000.0,9.0,891.0,62.0,,96.8613,2024.1,94.7,49.4477,93.9,111.95999908447266,1.0
1982-04-30,0.53,588000.0,9.3,888.0,65.5,,96.70891,2026.3,95.0,48.9913,94.7,116.44000244140625,1.0
1982-05-31,0.91,588000.0,9.4,953.0,67.5,,96.63784,2044.5,95.9,48.6669,95.4,111.87999725341797,1.0
1982-06-30,1.22,582000.0,9.6,913.0,65.7,,96.65383,2048.1,97.0,48.5415,96.1,109.61000061035156,1.0
1982-07-31,2.09,605000.0,9.8,1044.0,65.4,,96.74605,2072.2,97.5,48.3775,96.7,107.08999633789062,1.0
1982-08-31,4.06,647000.0,9.8,926.0,65.4,,96.90195,2080.1,97.7,47.9382,97.1,119.51000213623047,1.0
1982-09-30,4.15,671000.0,10.1,1042.0,69.3,,97.12507,2104.6,97.7,47.8139,97.2,120.41999816894531,1.0
1982-10-31,2.94,637000.0,10.4,1149.0,73.4,,97.41024,2125.8,98.1,47.3575,97.5,133.72000122070312,1.0
1982-11-30,2.2,612000.0,10.8,1229.0,72.1,,97.76778,2149.3,98.0,47.2078,97.3,138.52999877929688,1.0
1982-12-31,2.34,489000.0,10.8,1351.0,71.9,,98.2055,2161.6,97.7,46.8713,97.2,140.63999938964844,0.0
1983-01-31,2.34,503000.0,10.4,1426.0,70.4,,98.7117,2174.0,97.9,47.7398,97.6,145.3000030517578,0.0
1983-02-28,2.33,481000.0,10.4,1471.0,74.6,,99.26214,2177.0,98.0,47.4484,98.0,148.05999755859375,0.0
1983-03-31,1.85,481000.0,10.3,1475.0,80.8,,99.82935,2202.8,98.1,47.8426,98.2,152.9600067138672,0.0
1983-04-30,1.89,490000.0,10.2,1566.0,89.1,,100.3834,2226.4,98.8,48.4483,98.6,164.42999267578125,0.0
1983-05-31,1.88,454000.0,10.1,1669.0,93.3,,100.8929,2245.9,99.2,48.747,98.9,162.38999938964844,0.0
1983-06-30,1.71,442000.0,10.1,1769.0,92.2,,101.3283,2276.0,99.4,49.0434,99.2,167.63999938964844,0.0
1983-07-31,1.93,415000.0,9.4,1795.0,92.8,,101.6752,2304.4,99.8,49.7739,99.8,162.55999755859375,0.0
1983-08-31,2.11,426000.0,9.5,1713.0,90.9,,101.9342,2320.4,100.1,50.364,100.1,164.39999389648438,0.0
1983-09-30,2.29,416000.0,9.2,1585.0,89.9,,102.1235,2334.9,100.4,51.0937,100.5,166.07000732421875,0.0
1983-10-31,2.55,404000.0,8.8,1716.0,89.3,,102.2503,2357.6,100.8,51.4902,101.0,163.5500030517578,0.0
1983-11-30,2.58,398000.0,8.5,1668.0,91.1,,102.3197,2366.3,101.1,51.721,101.5,166.39999389648438,0.0
1983-12-31,2.47,372000.0,8.3,1627.0,94.2,,102.3335,2393.6,101.4,51.9769,101.8,164.92999267578125,0.0
1984-01-31,2.41,364000.0,8.0,1816.0,100.1,,102.2952,2419.4,102.1,53.0088,102.5,163.41000366210938,0.0
1984-02-29,2.38,343000.0,7.8,1987.0,97.4,,102.195,2403.5,102.6,53.2486,102.8,157.05999755859375,0.0
1984-03-31,2.43,341000.0,7.8,1725.0,101.0,,102.0264,2431.6,102.9,53.5028,103.2,159.17999267578125,0.0
1984-04-30,2.56,375000.0,7.7,1776.0,96.1,,101.79700000000001,2457.5,103.3,53.8233,103.7,160.0500030517578,0.0
1984-05-31,3.19,354000.0,7.4,1741.0,98.1,,101.5331,2474.5,103.5,54.1104,104.1,150.5500030517578,0.0
1984-06-30,3.3,360000.0,7.2,1814.0,95.5,,101.2565,2495.6,103.7,54.3075,104.5,153.17999267578125,0.0
1984-07-31,2.83,359000.0,7.5,1605.0,96.6,,100.9957,2494.6,104.1,54.4587,105.0,150.66000366210938,0.0
1984-08-31,1.82,395000.0,7.5,1530.0,99.1,,100.7677,2512.2,104.4,54.5239,105.4,166.67999267578125,0.0
1984-09-30,1.72,402000.0,7.3,1523.0,100.9,,100.5873,2533.8,104.7,54.3696,105.8,166.10000610351562,0.0
1984-10-31,2.04,425000.0,7.4,1490.0,96.3,,100.4605,2531.3,105.1,54.3474,106.2,166.08999633789062,0.0
1984-11-30,2.65,429000.0,7.2,1643.0,95.7,,100.3748,2571.4,105.3,54.529,106.4,163.5800018310547,0.0
1984-12-31,3.16,379000.0,7.3,1626.0,92.9,,100.3112,2582.6,105.5,54.5556,106.8,167.24000549316406,0.0
1985-01-31,3.36,368000.0,7.3,1660.0,96.0,,100.2619,2618.8,105.7,54.527,107.1,179.6300048828125,0.0
1985-02-28,2.95,390000.0,7.2,1662.0,93.7,,100.2156,2640.8,106.3,54.6871,107.7,181.17999267578125,0.0
1985-03-31,3.03,386000.0,7.2,1727.0,93.7,,100.1774,2648.5,106.8,54.7673,108.1,180.66000366210938,0.0
1985-04-30,3.21,386000.0,7.3,1664.0,94.6,,100.1464,2659.5,107.0,54.6467,108.4,179.8300018310547,0.0
1985-05-31,3.12,396000.0,7.2,1709.0,91.8,,100.1191,2696.4,107.2,54.7396,108.8,189.5500030517578,0.0
1985-06-30,2.98,390000.0,7.4,1716.0,96.5,,100.0957,2689.4,107.5,54.711,109.1,191.85000610351562,0.0
1985-07-31,2.99,362000.0,7.4,1697.0,94.0,,100.0669,2715.7,107.7,54.4365,109.4,190.9199981689453,0.0
1985-08-31,2.96,409000.0,7.1,1808.0,92.4,,100.041,2752.1,107.9,54.6121,109.8,188.6300048828125,0.0
1985-09-30,3.04,399000.0,7.1,1916.0,92.1,,100.0225,2794.7,108.1,54.8147,110.0,182.0800018310547,0.0
1985-10-31,2.84,418000.0,7.1,1743.0,88.4,,100.0172,2755.8,108.5,54.6228,110.5,189.82000732421875,0.0
1985-11-30,2.3,393000.0,7.0,1692.0,90.9,,100.0307,2771.1,109.0,54.8123,111.1,202.1699981689453,0.0
1985-12-31,1.93,390000.0,7.0,1794.0,93.9,,100.0593,2811.3,109.5,55.3553,111.4,211.27999877929688,0.0
1986-01-31,1.89,344000.0,6.7,1847.0,95.6,,100.083,2827.1,109.9,55.6453,111.9,211.77999877929688,0.0
1986-02-28,1.41,390000.0,7.2,1767.0,95.9,,100.09100000000001,2820.2,109.7,55.2634,112.2,226.9199981689453,0.0
1986-03-31,1.02,396000.0,7.2,1780.0,95.1,,100.0841,2823.6,109.1,54.8728,112.5,238.89999389648438,0.0
1986-04-30,1.06,391000.0,7.1,1858.0,96.2,,100.0704,2835.2,108.7,54.935,112.9,235.52000427246094,0.0
1986-05-31,1.38,373000.0,7.2,1797.0,94.8,,100.0543,2857.5,109.0,55.0399,113.1,247.35000610351562,0.0
1986-06-30,1.4,371000.0,7.2,1790.0,99.3,,100.0257,2861.7,109.4,54.826,113.4,250.83999633789062,0.0
1986-07-31,1.3,362000.0,7.0,1780.0,97.7,,99.98146,2881.2,109.5,55.167,113.8,236.1199951171875,0.0
1986-08-31,1.48,401000.0,6.9,1726.0,94.9,,99.93508,2898.6,109.6,55.0726,114.2,252.92999267578125,0.0
1986-09-30,2.1,389000.0,7.0,1686.0,91.9,,99.8949,2971.8,110.0,55.2237,114.6,231.32000732421875,0.0
1986-10-31,2.11,370000.0,7.0,1675.0,95.6,,99.87063,2932.9,110.2,55.4589,115.0,243.97999572753906,0.0
1986-11-30,1.75,366000.0,6.9,1644.0,91.4,,99.88251,2928.4,110.4,55.6763,115.3,249.22000122070312,0.0
1986-12-31,1.43,345000.0,6.6,1903.0,89.1,,99.95435,2997.1,110.8,56.2078,115.6,242.1699981689453,0.0
1987-01-31,1.5,370000.0,6.6,1690.0,90.4,,100.0953,2935.5,111.4,55.9911,115.9,274.0799865722656,0.0
1987-02-28,1.5,348000.0,6.6,1689.0,90.2,,100.2845,3001.7,111.8,56.7373,116.2,284.20001220703125,0.0
1987-03-31,1.48,326000.0,6.6,1704.0,90.8,,100.4816,3013.3,112.2,56.8136,116.6,291.70001220703125,0.0
1987-04-30,2.2,328000.0,6.3,1601.0,92.8,,100.6614,3038.8,112.7,57.185,117.3,288.3599853515625,0.0
1987-05-31,2.76,326000.0,6.3,1500.0,91.1,,100.81,3048.4,113.0,57.5424,117.7,290.1000061035156,0.0
1987-06-30,2.55,326000.0,6.2,1522.0,91.5,,100.9134,3072.8,113.5,57.8502,117.9,304.0,0.0
1987-07-31,2.57,324000.0,6.1,1516.0,93.7,,100.9546,3094.7,113.8,58.2421,118.3,318.6600036621094,0.0
1987-08-31,2.53,322000.0,6.0,1511.0,94.4,,100.9148,3130.8,114.3,58.6784,118.7,329.79998779296875,0.0
1987-09-30,2.8,317000.0,5.9,1514.0,93.6,,100.7986,3126.5,114.7,58.9088,119.2,321.8299865722656,0.0
1987-10-31,3.17,289000.0,6.0,1447.0,89.3,,100.6331,3134.5,115.0,59.7008,119.8,251.7899932861328,0.0
1987-11-30,2.97,306000.0,5.8,1457.0,83.1,,100.4654,3144.2,115.4,59.9956,120.1,230.3000030517578,0.0
1987-12-31,3.03,316000.0,5.7,1345.0,86.8,,100.3484,3174.1,115.6,60.3246,120.4,247.0800018310547,0.0
1988-01-31,2.67,342000.0,5.7,1244.0,90.8,,100.2884,3213.7,116.0,60.309,120.9,257.07000732421875,0.0
1988-02-29,2.37,319000.0,5.7,1438.0,91.6,,100.2777,3221.4,116.2,60.6122,121.2,267.82000732421875,0.0
1988-03-31,2.5,304000.0,5.7,1525.0,94.6,,100.3057,3260.5,116.5,60.7452,121.7,258.8900146484375,0.0
1988-04-30,2.64,313000.0,5.4,1429.0,91.2,,100.3594,3263.0,117.2,61.108,122.3,261.3299865722656,0.0
1988-05-31,2.64,313000.0,5.6,1444.0,94.8,,100.4271,3293.6,117.5,60.9843,122.7,262.1600036621094,0.0
1988-06-30,2.26,307000.0,5.4,1485.0,94.7,,100.4895,3318.5,118.0,61.1615,123.2,273.5,0.0
1988-07-31,2.11,331000.0,5.4,1439.0,93.4,,100.5272,3342.7,118.5,61.171,123.6,272.0199890136719,0.0
1988-08-31,1.96,315000.0,5.6,1460.0,97.4,,100.5441,3368.0,119.0,61.4771,124.0,261.5199890136719,0.0
1988-09-30,1.5,301000.0,5.4,1436.0,97.3,,100.5484,3375.0,119.5,61.2785,124.7,271.9100036621094,0.0
1988-10-31,1.2,294000.0,5.4,1516.0,94.1,,100.5478,3413.7,119.9,61.5488,125.2,278.9700012207031,0.0
1988-11-30,0.93,299000.0,5.3,1508.0,93.0,,100.5425,3430.2,120.3,61.7049,125.6,273.70001220703125,0.0
1988-12-31,0.76,304000.0,5.3,1501.0,91.9,,100.5257,3459.7,120.7,61.9851,126.0,277.7200012207031,0.0
1989-01-31,0.53,295000.0,5.4,1466.0,97.9,,100.477,3483.7,121.2,62.1677,126.5,297.4700012207031,0.0
1989-02-28,0.33,300000.0,5.2,1383.0,95.4,,100.3802,3488.0,121.6,61.8916,126.9,288.8599853515625,0.0
1989-03-31,0.22,319000.0,5.0,1214.0,94.3,,100.2417,3498.8,122.2,62.0508,127.4,294.8699951171875,0.0
1989-04-30,0.22,311000.0,5.2,1376.0,91.5,,100.0857,3543.0,123.1,62.0289,127.8,309.6400146484375,0.0
1989-05-31,0.12,325000.0,5.2,1381.0,90.7,,99.93597,3551.8,123.7,61.6871,128.3,320.5199890136719,0.0
1989-06-30,-0.15,338000.0,5.3,1322.0,90.6,,99.82004,3566.6,124.1,61.6857,128.8,317.9800109863281,0.0
1989-07-31,-0.13,337000.0,5.2,1283.0,92.0,,99.74884,3585.7,124.5,61.0896,129.2,346.0799865722656,0.0
1989-08-31,-0.06,332000.0,5.2,1334.0,89.6,,99.7208,3620.6,124.5,61.6847,129.5,351.45001220703125,0.0
1989-09-30,0.18,347000.0,5.3,1314.0,95.8,,99.72266,3621.9,124.8,61.4794,129.9,349.1499938964844,0.0
1989-10-31,0.11,354000.0,5.3,1365.0,93.9,,99.73515,3633.6,125.4,61.4014,130.6,340.3599853515625,0.0
1989-11-30,-0.07,342000.0,5.4,1344.0,90.9,,99.75607,3643.3,125.9,61.6081,131.1,345.989990234375,0.0
1989-12-31,-0.04,358000.0,5.4,1422.0,90.5,,99.78288,3684.2,126.3,61.9588,131.6,353.3999938964844,0.0
1990-01-31,0.31,345000.0,5.4,1748.0,93.0,25.36,99.81333000000001,3730.7,127.5,61.6352,132.1,329.0799865722656,0.0
1990-02-28,0.47,350000.0,5.3,1329.0,89.5,21.99,99.84049,3728.2,128.0,62.1951,132.7,331.8900146484375,0.0
1990-03-31,0.42,346000.0,5.2,1246.0,91.3,19.73,99.83984,3754.9,128.6,62.4916,133.5,339.94000244140625,0.0
1990-04-30,0.75,363000.0,5.4,1136.0,93.9,19.52,99.77232,3770.0,128.9,62.3511,134.0,330.79998779296875,0.0
1990-05-31,0.75,359000.0,5.4,1067.0,90.6,17.37,99.61871,3775.8,129.1,62.5353,134.4,361.2300109863281,0.0
1990-06-30,0.49,364000.0,5.2,1108.0,88.3,15.5,99.36126999999999,3804.5,129.9,62.7479,135.1,358.0199890136719,0.0
1990-07-31,0.6,369000.0,5.5,1078.0,88.2,21.11,99.00511,3821.7,130.5,62.6435,135.8,356.1499938964844,0.0
1990-08-31,1.06,394000.0,5.7,1069.0,76.4,29.9,98.57829,3848.3,131.6,62.8704,136.6,322.55999755859375,1.0
1990-09-30,1.29,404000.0,5.9,976.0,72.8,29.11,98.14633,3870.1,132.5,62.8839,137.1,306.04998779296875,1.0
1990-10-31,1.32,440000.0,5.9,925.0,63.9,30.04,97.77141,3870.6,133.4,62.4973,137.6,304.0,1.0
1990-11-30,1.1,462000.0,6.2,941.0,66.0,22.16,97.51247,3871.9,133.7,61.7175,138.0,322.2200012207031,1.0
1990-12-31,1.13,454000.0,6.3,861.0,65.5,26.38,97.4102,3861.3,134.2,61.2885,138.6,330.2200012207031,1.0
1991-01-31,1.68,462000.0,6.4,786.0,66.8,20.91,97.46426,3841.0,134.7,61.0842,139.5,343.92999267578125,1.0
1991-02-28,1.73,499000.0,6.6,853.0,70.4,21.23,97.65934,3866.7,134.8,60.6387,140.2,367.07000732421875,1.0
1991-03-31,2.02,499000.0,6.8,911.0,87.7,16.88,97.94866,3913.0,134.8,60.2973,140.5,375.2200012207031,1.0
1991-04-30,2.21,462000.0,6.7,916.0,81.8,18.24,98.27773,3907.1,135.1,60.4524,140.9,375.3399963378906,0.0
1991-05-31,2.44,443000.0,6.9,991.0,78.3,15.93,98.60797,3933.2,135.6,61.0587,141.3,389.8299865722656,0.0
1991-06-30,2.53,418000.0,6.9,964.0,82.1,19.55,98.90974,3940.5,136.0,61.5514,141.8,371.1600036621094,0.0
1991-07-31,2.52,423000.0,6.8,973.0,82.9,15.18,99.14071,3966.0,136.2,61.7201,142.3,387.80999755859375,0.0
1991-08-31,2.4,425000.0,6.9,944.0,82.0,14.46,99.26601,3969.1,136.6,61.7289,142.9,395.42999267578125,0.0
1991-09-30,2.28,437000.0,6.9,974.0,83.0,15.85,99.29153000000001,3984.7,137.0,62.2369,143.4,387.8599853515625,0.0
1991-10-31,2.39,423000.0,7.0,991.0,78.3,15.48,99.24661,3976.0,137.2,62.1718,143.7,392.45001220703125,0.0
1991-11-30,2.73,444000.0,7.0,984.0,69.1,20.26,99.18011,4003.6,137.8,62.0894,144.2,375.2200012207031,0.0
1991-12-31,2.91,441000.0,7.3,1061.0,68.2,19.31,99.14919,4020.5,138.2,61.806,144.7,417.0899963378906,0.0
1992-01-31,3.12,441000.0,7.3,1077.0,67.5,17.4,99.19389,4084.7,138.3,61.4823,145.1,408.7799987792969,0.0
1992-02-29,3.39,444000.0,7.4,1146.0,68.8,16.68,99.30666,4099.5,138.6,61.9192,145.4,412.70001220703125,0.0
1992-03-31,3.4,420000.0,7.4,1082.0,76.0,16.18,99.45885,4117.0,139.1,62.4403,145.9,403.69000244140625,0.0
1992-04-30,3.64,424000.0,7.4,1054.0,77.2,15.53,99.59687,4131.5,139.4,62.9199,146.3,414.95001220703125,0.0
1992-05-31,3.67,411000.0,7.6,1056.0,79.2,13.86,99.68439000000001,4158.4,139.7,63.1268,146.8,415.3500061035156,0.0
1992-06-30,3.51,420000.0,7.8,1057.0,80.4,13.35,99.71067,4177.1,140.1,63.1624,147.1,408.1400146484375,0.0
1992-07-31,3.56,564000.0,7.7,1089.0,76.6,13.17,99.70096,4204.8,140.5,63.7348,147.6,424.2099914550781,0.0
1992-08-31,3.39,408000.0,7.6,1075.0,76.1,13.58,99.69196,4220.9,140.8,63.3802,147.9,414.0299987792969,0.0
1992-09-30,3.45,409000.0,7.6,1114.0,75.6,14.28,99.72227,4255.3,141.1,63.5834,148.1,417.79998779296875,0.0
1992-10-31,3.66,365000.0,7.3,1132.0,73.3,16.15,99.81342,4284.7,141.7,64.0178,148.8,418.67999267578125,0.0
1992-11-30,3.66,341000.0,7.4,1118.0,85.3,13.01,99.94527,4300.5,142.1,64.2628,149.2,431.3500061035156,0.0
1992-12-31,3.48,313000.0,7.4,1176.0,91.0,12.57,100.0635,4336.4,142.3,64.3599,149.6,435.7099914550781,0.0
1993-01-31,3.53,340000.0,7.3,1177.0,89.3,12.42,100.1212,4340.7,142.8,64.6135,150.1,438.7799987792969,0.0
1993-02-28,3.27,362000.0,7.1,1148.0,86.6,13.16,100.1061,4355.3,143.1,64.9262,150.6,443.3800048828125,0.0
1993-03-31,2.97,366000.0,7.0,1056.0,85.9,12.53,100.0242,4352.5,143.3,64.8627,150.8,451.6700134277344,0.0
1993-04-30,3.04,350000.0,7.1,1104.0,85.6,12.42,99.90348,4393.4,143.8,65.0423,151.4,440.19000244140625,0.0
1993-05-31,3.01,349000.0,7.1,1112.0,80.3,13.47,99.76301,4422.4,144.2,64.8006,151.8,450.19000244140625,0.0
1993-06-30,2.82,340000.0,7.0,1130.0,81.5,11.26,99.64480999999999,4440.0,144.3,64.9476,152.1,450.5299987792969,0.0
1993-07-31,2.7,356000.0,6.9,1174.0,77.0,11.73,99.58023,4468.9,144.5,65.1142,152.3,448.1300048828125,0.0
1993-08-31,2.59,337000.0,6.8,1230.0,77.3,11.85,99.59232,4481.1,144.8,65.0421,152.8,463.55999755859375,0.0
1993-09-30,2.35,343000.0,6.7,1251.0,77.9,12.99,99.6864,4511.5,145.0,65.3749,152.9,458.92999267578125,0.0
1993-10-31,2.24,348000.0,6.8,1287.0,82.7,11.46,99.85351,4532.8,145.6,65.863,153.4,467.8299865722656,0.0
1993-11-30,2.54,337000.0,6.6,1357.0,81.2,13.76,100.0658,4554.1,146.0,66.1696,153.9,461.7900085449219,0.0
1993-12-31,2.64,290000.0,6.5,1461.0,88.2,11.66,100.3008,4571.1,146.3,66.5531,154.3,466.45001220703125,0.0
1994-01-31,2.71,406000.0,6.6,1390.0,94.3,10.63,100.521,4585.1,146.3,66.7591,154.5,481.6099853515625,0.0
1994-02-28,2.64,327000.0,6.6,1269.0,93.2,14.87,100.7007,4632.6,146.7,66.8019,154.8,467.1400146484375,0.0
1994-03-31,2.89,322000.0,6.5,1342.0,91.5,20.45,100.8355,4646.0,147.1,67.4704,155.3,445.7699890136719,0.0
1994-04-30,3.19,344000.0,6.4,1392.0,92.6,13.77,100.9213,4671.1,147.2,67.8707,155.5,450.9100036621094,0.0
1994-05-31,2.91,348000.0,6.1,1396.0,92.8,13.03,100.9601,4669.5,147.5,68.187,155.9,456.5,0.0
1994-06-30,2.85,341000.0,6.1,1357.0,91.2,14.97,100.9571,4708.9,147.9,68.645,156.4,444.2699890136719,0.0
1994-07-31,2.84,332000.0,6.1,1335.0,89.0,11.13,100.9255,4720.6,148.4,68.7317,156.7,458.260009765625,0.0
1994-08-31,2.63,341000.0,6.0,1377.0,91.7,11.97,100.8787,4762.6,149.0,69.1882,157.1,475.489990234375,0.0
1994-09-30,2.71,325000.0,5.9,1412.0,91.5,14.28,100.818,4775.0,149.3,69.3935,157.5,462.7099914550781,0.0
1994-10-31,2.64,331000.0,5.8,1397.0,92.7,14.56,100.7366,4812.9,149.4,69.9576,157.8,472.3500061035156,0.0
1994-11-30,2.51,329000.0,5.6,1340.0,91.6,15.95,100.6139,4825.6,149.8,70.4288,158.2,453.69000244140625,0.0
1994-12-31,2.05,319000.0,5.5,1396.0,95.1,13.2,100.4399,4841.6,150.1,71.1273,158.3,459.2699890136719,0.0
1995-01-31,1.88,324000.0,5.6,1282.0,97.6,11.96,100.2097,4851.2,150.5,71.2635,159.0,470.4200134277344,0.0
1995-02-28,1.53,336000.0,5.4,1254.0,95.1,11.75,99.92545,4850.8,150.9,71.1758,159.4,487.3900146484375,0.0
1995-03-31,1.29,332000.0,5.4,1226.0,90.3,13.37,99.61501,4885.4,151.2,71.2796,159.9,500.7099914550781,0.0
1995-04-30,1.22,365000.0,5.8,1259.0,92.5,11.75,99.32603,4890.2,151.8,71.1538,160.4,514.7100219726562,0.0
1995-05-31,0.78,374000.0,5.6,1271.0,89.8,12.85,99.09779,4933.1,152.1,71.4997,160.7,533.4000244140625,0.0
1995-06-30,0.53,358000.0,5.6,1305.0,92.7,11.38,98.94574,4977.5,152.4,71.7327,161.1,544.75,0.0
1995-07-31,0.69,351000.0,5.7,1354.0,94.4,13.49,98.85793000000001,4970.2,152.6,71.4334,161.4,562.0599975585938,0.0
1995-08-31,0.92,359000.0,5.7,1386.0,96.2,11.52,98.80331,5005.3,152.9,72.3723,161.8,561.8800048828125,0.0
1995-09-30,0.77,355000.0,5.6,1421.0,88.9,12.74,98.75618,5020.5,153.1,72.6543,162.2,584.4099731445312,0.0
1995-10-31,0.6,377000.0,5.5,1400.0,90.2,13.83,98.71661999999999,5013.9,153.5,72.5336,162.7,581.5,0.0
1995-11-30,0.41,379000.0,5.6,1430.0,88.2,11.58,98.69784,5055.6,153.7,72.717,163.0,605.3699951171875,0.0
1995-12-31,0.42,359000.0,5.6,1442.0,91.0,12.52,98.7131,5097.5,153.9,72.9638,163.1,615.9299926757812,0.0
1996-01-31,0.5,387000.0,5.6,1387.0,89.3,12.53,98.77291,5085.7,154.7,72.5712,163.7,636.02001953125,0.0
1996-02-29,0.85,365000.0,5.5,1420.0,88.5,17.04,98.8839,5132.8,155.0,73.6207,164.0,640.4299926757812,0.0
1996-03-31,1.17,393000.0,5.5,1437.0,93.7,18.88,99.035,5173.3,155.5,73.5141,164.4,645.5,0.0
1996-04-30,1.42,343000.0,5.6,1463.0,92.7,15.83,99.19447,5208.0,156.1,74.2491,164.6,654.1699829101562,0.0
1996-05-31,1.59,343000.0,5.6,1457.0,89.4,16.07,99.3437,5223.8,156.4,74.8142,165.0,669.1199951171875,0.0
1996-06-30,1.68,337000.0,5.3,1429.0,92.4,13.68,99.46486999999999,5229.8,156.7,75.3726,165.4,670.6300048828125,0.0
1996-07-31,1.57,327000.0,5.5,1450.0,94.7,19.46,99.54958,5251.9,157.0,75.3738,165.7,639.9500122070312,0.0
1996-08-31,1.45,329000.0,5.1,1413.0,95.3,17.01,99.61668,5275.0,157.2,75.7557,166.0,651.989990234375,0.0
1996-09-30,1.59,348000.0,5.2,1392.0,94.7,16.95,99.6805,5296.6,157.7,76.2302,166.5,687.3300170898438,0.0
1996-10-31,1.41,352000.0,5.2,1358.0,96.5,18.11,99.74556,5328.5,158.2,76.2157,166.8,705.27001953125,0.0
1996-11-30,1.03,332000.0,5.4,1412.0,99.2,17.14,99.81942,5351.2,158.7,76.8973,167.2,757.02001953125,0.0
1996-12-31,1.26,357000.0,5.4,1411.0,96.9,20.92,99.89876,5378.6,159.1,77.3772,167.4,740.739990234375,0.0
1997-01-31,1.41,340000.0,5.3,1382.0,97.4,19.47,99.99176999999999,5411.1,159.4,77.5135,167.8,786.1599731445312,0.0
1997-02-28,1.28,322000.0,5.2,1445.0,99.7,21.1,100.10600000000001,5434.0,159.7,78.4255,168.1,790.8200073242188,0.0
1997-03-31,1.41,325000.0,5.2,1436.0,100.0,22.14,100.2291,5454.2,159.8,78.9197,168.4,757.1199951171875,0.0
1997-04-30,1.59,337000.0,5.1,1421.0,101.4,20.06,100.3569,5459.3,159.9,78.9848,168.9,801.3400268554688,0.0
1997-05-31,1.51,321000.0,4.9,1414.0,103.2,19.19,100.4846,5460.2,159.9,79.4296,169.2,848.280029296875,0.0
1997-06-30,1.42,322000.0,5.0,1402.0,104.5,21.53,100.60700000000001,5494.2,160.2,79.7971,169.4,885.1400146484375,0.0
1997-07-31,1.03,306000.0,4.9,1440.0,107.1,21.48,100.7142,5548.8,160.4,80.4666,169.7,954.3099975585938,0.0
1997-08-31,1.02,332000.0,4.8,1449.0,104.4,24.76,100.7913,5587.0,160.8,81.2825,169.8,899.469970703125,0.0
1997-09-30,1.13,317000.0,4.9,1494.0,106.0,22.91,100.84299999999999,5601.7,161.2,82.0327,170.2,947.280029296875,0.0
1997-10-31,0.92,306000.0,4.7,1499.0,105.6,35.09,100.8702,5637.7,161.5,82.7656,170.6,914.6199951171875,0.0
1997-11-30,0.6,318000.0,4.6,1469.0,107.2,27.43,100.8681,5661.1,161.7,83.427,170.8,955.4000244140625,0.0
1997-12-31,0.51,303000.0,4.7,1456.0,102.1,24.01,100.8357,5692.1,161.8,83.784,171.2,970.4299926757812,0.0
1998-01-31,0.36,315000.0,4.6,1555.0,106.6,21.47,100.7889,5689.9,162.0,84.1564,171.6,980.280029296875,0.0
1998-02-28,0.34,317000.0,4.6,1647.0,110.4,18.55,100.7279,5723.8,162.0,84.3066,171.9,1049.3399658203125,0.0
1998-03-31,0.49,312000.0,4.7,1605.0,106.5,24.22,100.6364,5750.3,162.0,84.342,172.2,1101.75,0.0
1998-04-30,0.56,311000.0,4.3,1547.0,108.7,21.18,100.5117,5788.1,162.2,84.6339,172.5,1111.75,0.0
1998-05-31,0.51,322000.0,4.4,1554.0,106.5,21.32,100.3554,5837.9,162.6,85.1867,172.9,1090.8199462890625,0.0
1998-06-30,0.38,376000.0,4.5,1551.0,105.6,19.71,100.1778,5871.7,162.8,84.6809,173.2,1133.8399658203125,0.0
1998-07-31,0.37,335000.0,4.5,1610.0,105.2,24.8,100.0065,5890.0,163.2,84.3445,173.5,1120.6700439453125,0.0
1998-08-31,0.3,310000.0,4.5,1654.0,104.4,44.28,99.86336999999999,5925.0,163.4,86.0816,174.0,957.280029296875,0.0
1998-09-30,0.07,294000.0,4.6,1577.0,100.9,40.95,99.77712,5965.6,163.5,86.0023,174.2,1017.010009765625,0.0
1998-10-31,0.46,308000.0,4.5,1719.0,97.4,28.05,99.77875999999999,5998.8,163.9,86.591,174.4,1098.6700439453125,0.0
1998-11-30,0.3,310000.0,4.4,1672.0,102.7,26.01,99.87111999999999,6015.4,164.1,86.5115,174.8,1163.6300048828125,0.0
1998-12-31,0.15,336000.0,4.4,1742.0,100.5,24.42,100.0213,6070.5,164.4,86.8615,175.4,1229.22998046875,0.0
1999-01-31,0.27,305000.0,4.3,1732.0,103.9,26.25,100.2065,6073.9,164.7,87.2205,175.6,1279.6400146484375,0.0
1999-02-28,0.44,301000.0,4.4,1720.0,108.1,27.88,100.395,6099.2,164.7,87.726,175.6,1238.3299560546875,0.0
1999-03-31,0.66,298000.0,4.2,1665.0,105.7,23.26,100.5647,6133.0,164.8,87.9125,175.7,1286.3699951171875,0.0
1999-04-30,0.77,291000.0,4.3,1600.0,104.6,25.07,100.7134,6199.5,165.9,88.1082,176.3,1335.1800537109375,0.0
1999-05-31,0.91,303000.0,4.2,1640.0,106.8,25.39,100.8409,6232.1,166.0,88.6483,176.5,1301.8399658203125,0.0
1999-06-30,1.18,291000.0,4.3,1702.0,107.3,21.09,100.9379,6260.3,166.0,88.5903,176.6,1372.7099609375,0.0
1999-07-31,1.1,300000.0,4.3,1682.0,106.0,24.64,101.0074,6287.6,166.7,89.1098,177.1,1328.719970703125,0.0
1999-08-31,1.07,290000.0,4.2,1671.0,104.5,24.45,101.0579,6331.9,167.1,89.5007,177.3,1320.4100341796875,0.0
1999-09-30,1.1,306000.0,4.2,1551.0,107.2,25.41,101.1023,6386.5,167.8,89.1304,177.8,1282.7099609375,0.0
1999-10-31,1.09,285000.0,4.1,1649.0,103.2,22.2,101.148,6411.4,168.1,90.2709,178.1,1362.9300537109375,0.0
1999-11-30,0.8,288000.0,4.1,1672.0,107.2,24.18,101.1954,6448.7,168.4,90.7528,178.4,1388.9100341796875,0.0
1999-12-31,0.92,268000.0,4.0,1683.0,105.4,24.64,101.2284,6541.0,168.8,91.4784,178.7,1469.25,0.0
2000-01-31,1.16,285000.0,4.0,1727.0,112.0,24.95,101.2235,6542.9,169.3,91.4092,179.3,1394.4599609375,0.0
2000-02-29,0.79,280000.0,4.1,1692.0,111.3,23.37,101.1658,6625.3,170.0,91.7245,179.4,1366.4200439453125,0.0
2000-03-31,0.4,272000.0,4.0,1651.0,107.1,24.11,101.0802,6686.5,171.0,92.083,180.0,1498.5799560546875,0.0
2000-04-30,0.17,291000.0,3.8,1597.0,109.2,26.2,100.9746,6679.1,170.9,92.6659,180.3,1452.4300537109375,0.0
2000-05-31,0.45,280000.0,4.0,1543.0,110.7,23.65,100.8442,6709.7,171.2,92.9347,180.7,1420.5999755859375,0.0
2000-06-30,0.24,296000.0,4.0,1572.0,106.4,19.54,100.697,6746.9,172.2,93.0018,181.1,1454.5999755859375,0.0
2000-07-31,-0.09,298000.0,4.0,1542.0,108.3,20.74,100.5336,6768.5,172.7,92.8373,181.5,1430.8299560546875,0.0
2000-08-31,-0.45,312000.0,4.1,1552.0,107.3,16.84,100.3411,6802.8,172.7,92.591,181.9,1517.6800537109375,0.0
2000-09-30,-0.38,292000.0,3.9,1570.0,106.8,20.57,100.1168,6888.6,173.6,92.9827,182.3,1436.510009765625,0.0
2000-10-31,-0.55,301000.0,3.9,1577.0,105.8,23.63,99.84575,6893.8,173.9,92.64,182.6,1429.4000244140625,0.0
2000-11-30,-0.64,356000.0,3.9,1614.0,107.6,29.65,99.53703,6909.8,174.2,92.6604,183.1,1314.949951171875,0.0
2000-12-31,-0.7,353000.0,3.9,1543.0,98.4,26.85,99.20428000000001,6952.2,174.6,92.3457,183.3,1320.280029296875,0.0
2001-01-31,-0.13,362000.0,4.2,1699.0,94.7,22.02,98.90028000000001,6987.4,175.6,91.8908,183.9,1366.010009765625,0.0
2001-02-28,0.09,386000.0,4.2,1656.0,90.6,28.35,98.66686999999999,7001.8,176.0,91.2851,184.4,1239.93994140625,0.0
2001-03-31,0.35,388000.0,4.3,1659.0,91.5,28.64,98.51558,6996.7,176.1,91.0585,184.7,1160.3299560546875,0.0
2001-04-30,1.17,406000.0,4.4,1666.0,88.4,25.48,98.43899,7004.2,176.4,90.7384,185.1,1249.4599609375,1.0
2001-05-31,1.69,405000.0,4.3,1665.0,92.0,22.64,98.41459,7052.8,177.3,90.2607,185.3,1255.8199462890625,1.0
2001-06-30,1.71,394000.0,4.5,1626.0,92.6,19.06,98.39322,7069.7,177.7,89.7811,186.0,1224.3800048828125,1.0
2001-07-31,1.65,388000.0,4.6,1598.0,92.4,21.62,98.35278000000001,7082.3,177.4,89.2352,186.4,1211.22998046875,1.0
2001-08-31,1.53,395000.0,4.9,1615.0,91.5,24.92,98.29589,7121.7,177.4,89.157,186.7,1133.5799560546875,1.0
2001-09-30,2.04,517000.0,5.0,1565.0,81.8,31.93,98.25891,7007.0,178.1,88.6749,187.1,1040.93994140625,1.0
2001-10-31,2.37,483000.0,5.3,1566.0,82.7,33.56,98.30439,7212.9,177.6,88.4051,187.4,1059.780029296875,1.0
2001-11-30,2.74,491000.0,5.5,1651.0,83.9,23.84,98.45555999999999,7182.3,177.5,87.886,188.1,1139.449951171875,1.0
2001-12-31,3.37,421000.0,5.7,1680.0,88.8,23.8,98.69349,7166.7,177.4,87.8518,188.4,1148.0799560546875,0.0
2002-01-31,3.36,414000.0,5.7,1665.0,93.0,21.09,98.9692,7184.6,177.7,88.4634,188.7,1130.199951171875,0.0
2002-02-28,3.15,398000.0,5.7,1787.0,90.7,21.59,99.23076,7225.2,178.0,88.4578,189.1,1106.72998046875,0.0
2002-03-31,3.45,479000.0,5.7,1691.0,95.7,17.4,99.42764,7243.4,178.5,89.1265,189.2,1147.3900146484375,0.0
2002-04-30,3.46,414000.0,5.9,1669.0,93.0,21.91,99.5098,7312.5,179.3,89.5507,189.7,1076.9200439453125,0.0
2002-05-31,3.4,403000.0,5.8,1716.0,96.9,19.98,99.45938000000001,7288.9,179.5,89.9348,190.0,1067.1400146484375,0.0
2002-06-30,3.2,386000.0,5.8,1758.0,92.4,25.4,99.28414000000001,7322.5,179.6,90.6736,190.2,989.8200073242188,0.0
2002-07-31,2.94,390000.0,5.8,1738.0,88.1,32.03,99.03129,7387.3,180.0,90.6436,190.5,911.6199951171875,0.0
2002-08-31,2.61,394000.0,5.7,1695.0,87.6,32.64,98.76104000000001,7412.6,180.5,90.5505,191.1,916.0700073242188,0.0
2002-09-30,2.21,409000.0,5.7,1803.0,86.1,39.69,98.51003,7391.5,180.8,90.6373,191.3,815.280029296875,0.0
2002-10-31,2.33,409000.0,5.7,1799.0,80.6,31.14,98.31223,7435.2,181.2,90.3988,191.5,885.760009765625,0.0
2002-11-30,2.8,377000.0,5.9,1771.0,84.2,27.5,98.18129,7463.8,181.5,90.8947,191.9,936.3099975585938,0.0
2002-12-31,2.82,409000.0,6.0,1896.0,86.7,28.62,98.0932,7519.9,181.8,90.3906,192.1,879.8200073242188,0.0
2003-01-31,2.86,407000.0,5.8,1808.0,82.4,31.17,98.02883,7541.3,182.6,91.1369,192.4,855.7000122070312,0.0
2003-02-28,2.71,421000.0,5.9,1854.0,79.9,29.63,97.99784,7548.6,183.6,91.2505,192.5,841.1500244140625,0.0
2003-03-31,2.66,436000.0,5.9,1757.0,77.6,29.15,98.02911,7611.5,183.9,91.0006,192.5,848.1799926757812,0.0
2003-04-30,2.81,444000.0,6.0,1803.0,86.0,21.21,98.1471,7634.5,183.2,90.4311,192.5,916.9199829101562,0.0
2003-05-31,2.48,431000.0,6.1,1835.0,92.1,19.47,98.34695,7650.3,182.9,90.4,192.9,963.5900268554688,0.0
2003-06-30,2.39,429000.0,6.3,1875.0,89.7,19.52,98.60476,7699.6,183.1,90.5196,193.0,974.5,0.0
2003-07-31,3.06,398000.0,6.2,1885.0,90.9,19.49,98.90762,7757.0,183.7,90.9869,193.4,990.3099975585938,0.0
2003-08-31,3.48,407000.0,6.1,1966.0,89.3,18.63,99.2458,7852.1,184.5,90.7933,193.6,1008.010009765625,0.0
2003-09-30,3.31,387000.0,6.1,1961.0,87.7,22.72,99.60869,7853.7,185.1,91.3819,193.7,995.969970703125,0.0
2003-10-31,3.35,379000.0,6.0,2012.0,89.6,16.1,99.97695999999999,7867.4,184.9,91.5049,194.0,1050.7099609375,0.0
2003-11-30,3.35,357000.0,5.8,1918.0,93.7,16.32,100.3207,7922.6,185.0,92.1265,194.0,1058.199951171875,0.0
2003-12-31,3.36,349000.0,5.7,1987.0,92.6,18.31,100.6097,7950.4,185.5,92.1732,194.2,1111.9200439453125,0.0
2004-01-31,3.25,376000.0,5.7,1952.0,103.8,16.63,100.8281,8007.1,186.3,92.3268,194.6,1131.1300048828125,0.0
2004-02-29,3.14,348000.0,5.6,1966.0,94.4,14.55,100.959,8040.4,186.7,92.8995,194.9,1144.93994140625,0.0
2004-03-31,2.88,340000.0,5.8,2066.0,95.8,16.74,101.0171,8098.8,187.1,92.5368,195.5,1126.2099609375,0.0
2004-04-30,3.39,339000.0,5.6,2070.0,94.2,17.19,101.0155,8107.2,187.4,92.8957,195.9,1107.300048828125,0.0
2004-05-31,3.68,337000.0,5.6,2150.0,90.2,15.5,100.9738,8176.5,188.2,93.5845,196.2,1120.6800537109375,0.0
2004-06-30,3.44,348000.0,5.6,2020.0,95.6,14.34,100.90100000000001,8157.6,188.9,92.8651,196.6,1140.8399658203125,0.0
2004-07-31,3.14,341000.0,5.5,2112.0,96.7,15.32,100.8032,8236.9,189.1,93.5502,196.8,1101.719970703125,0.0
2004-08-31,2.78,352000.0,5.4,2056.0,95.9,15.29,100.695,8271.6,189.2,93.6301,196.9,1104.239990234375,0.0
2004-09-30,2.45,351000.0,5.4,2041.0,94.2,13.34,100.6008,8341.5,189.8,93.7353,197.5,1114.5799560546875,0.0
2004-10-31,2.31,332000.0,5.5,2097.0,91.7,16.27,100.537,8397.1,190.8,94.5695,197.9,1130.199951171875,0.0
2004-11-30,2.08,335000.0,5.4,2079.0,92.8,13.24,100.5113,8444.5,191.7,94.8015,198.3,1173.8199462890625,0.0
2004-12-31,2.01,320000.0,5.4,2082.0,97.1,13.29,100.4995,8504.4,191.7,95.5415,198.6,1211.9200439453125,0.0
2005-01-31,1.85,331000.0,5.3,2139.0,95.5,12.82,100.4692,8497.7,191.6,95.8785,199.0,1181.27001953125,0.0
2005-02-28,1.59,314000.0,5.4,2114.0,94.1,12.08,100.4142,8559.1,192.4,96.5709,199.4,1203.5999755859375,0.0
2005-03-31,1.7,342000.0,5.2,2062.0,92.6,14.02,100.3446,8598.4,193.1,96.4345,200.1,1180.5899658203125,0.0
2005-04-30,1.5,334000.0,5.2,2150.0,87.7,15.31,100.2931,8678.4,193.7,96.6347,200.2,1156.8499755859375,0.0
2005-05-31,1.24,340000.0,5.1,2085.0,86.9,13.29,100.2827,8671.6,193.6,96.7251,200.5,1191.5,0.0
2005-06-30,0.96,311000.0,5.0,2178.0,96.0,12.04,100.3113,8753.4,193.7,97.1483,200.6,1191.3299560546875,0.0
2005-07-31,0.89,316000.0,5.0,2203.0,96.5,11.57,100.3567,8853.8,194.9,96.8397,200.9,1234.1800537109375,0.0
2005-08-31,0.74,318000.0,4.9,2219.0,89.1,12.6,100.4218,8850.1,196.1,97.1584,201.1,1220.3299560546875,0.0
2005-09-30,0.71,359000.0,5.0,2263.0,76.9,11.92,100.5187,8900.4,198.8,95.2764,201.3,1228.81005859375,0.0
2005-10-31,0.67,322000.0,5.0,2170.0,74.2,15.32,100.6568,8938.5,199.1,96.4411,202.0,1207.010009765625,0.0
2005-11-30,0.57,311000.0,5.0,2218.0,81.6,12.06,100.8225,8946.2,198.1,97.5016,202.5,1249.47998046875,0.0
2005-12-31,0.5,302000.0,4.9,2120.0,91.5,12.07,100.9799,8981.1,198.1,97.9723,202.8,1248.2900390625,0.0
2006-01-31,0.08,282000.0,4.7,2212.0,91.2,12.95,101.101,9071.6,199.3,98.127,203.2,1280.0799560546875,0.0
2006-02-28,0.03,293000.0,4.8,2141.0,86.7,12.34,101.1772,9096.0,199.4,98.1687,203.6,1280.6600341796875,0.0
2006-03-31,0.09,295000.0,4.7,2118.0,88.9,11.39,101.2034,9132.9,199.7,98.3913,204.3,1294.8699951171875,0.0
2006-04-30,0.27,321000.0,4.7,1998.0,87.4,11.59,101.1768,9191.6,200.7,98.6826,204.8,1310.6099853515625,0.0
2006-05-31,0.27,330000.0,4.6,1905.0,79.1,16.44,101.1195,9231.8,201.3,98.7074,205.4,1270.0899658203125,0.0
2006-06-30,0.19,309000.0,4.6,1867.0,84.9,13.08,101.0672,9259.6,201.8,99.0398,205.9,1270.199951171875,0.0
2006-07-31,0.01,311000.0,4.7,1763.0,84.7,14.95,101.0372,9343.8,202.9,98.9751,206.3,1276.6600341796875,0.0
2006-08-31,-0.21,314000.0,4.7,1722.0,82.0,12.31,101.0487,9342.2,203.8,99.4047,206.8,1303.8199462890625,0.0
2006-09-30,-0.21,309000.0,4.5,1655.0,85.4,11.98,101.1075,9375.4,202.8,99.2246,207.2,1335.8499755859375,0.0
2006-10-31,-0.32,328000.0,4.4,1570.0,93.6,11.1,101.1949,9393.6,201.9,99.1229,207.6,1377.93994140625,0.0
2006-11-30,-0.47,349000.0,4.5,1535.0,92.1,10.91,101.2988,9400.2,202.0,99.0963,207.8,1400.6300048828125,0.0
2006-12-31,-0.41,341000.0,4.4,1638.0,91.7,11.56,101.41,9488.3,203.1,100.1125,208.1,1418.300048828125,0.0
2007-01-31,-0.35,308000.0,4.6,1626.0,96.9,10.42,101.5179,9538.7,203.437,99.7546,208.6,1438.239990234375,0.0
2007-02-28,-0.44,322000.0,4.5,1598.0,91.3,15.42,101.6232,9566.0,204.226,100.7166,209.135,1406.8199462890625,0.0
2007-03-31,-0.52,307000.0,4.4,1596.0,88.4,14.64,101.7319,9611.7,205.288,100.8952,209.418,1420.8599853515625,0.0
2007-04-30,-0.32,301000.0,4.5,1470.0,87.1,14.22,101.8351,9643.6,205.904,101.5723,209.747,1482.3699951171875,0.0
2007-05-31,-0.12,310000.0,4.4,1493.0,88.3,13.05,101.9135,9685.8,206.755,101.6269,210.058,1530.6199951171875,0.0
2007-06-30,0.36,317000.0,4.6,1407.0,85.3,16.23,101.9542,9706.8,207.234,101.6547,210.392,1503.3499755859375,0.0
2007-07-31,0.04,305000.0,4.7,1361.0,90.4,23.52,101.9427,9751.1,207.603,101.4953,210.773,1455.27001953125,0.0
2007-08-31,0.35,329000.0,4.6,1321.0,83.4,23.38,101.876,9798.9,207.667,101.6943,211.119,1473.989990234375,0.0
2007-09-30,0.53,317000.0,4.7,1261.0,83.4,18.0,101.779,9845.1,208.547,101.9428,211.554,1526.75,0.0
2007-10-31,0.53,328000.0,4.7,1192.0,80.9,18.53,101.6702,9882.7,209.19,101.6446,212.077,1549.3800048828125,0.0
2007-11-30,0.8,352000.0,4.7,1224.0,76.1,22.87,101.5545,9955.9,210.834,102.2167,212.66,1481.1400146484375,0.0
2007-12-31,1.03,360000.0,5.0,1149.0,75.5,22.5,101.4426,9972.8,211.445,102.2764,213.168,1468.3599853515625,0.0
2008-01-31,0.92,366000.0,5.0,1094.0,78.4,26.2,101.3258,9996.4,212.174,102.1493,213.771,1378.550048828125,1.0
2008-02-29,1.57,354000.0,4.9,1014.0,70.8,26.54,101.1931,9981.7,212.687,101.7756,213.939,1330.6300048828125,1.0
2008-03-31,2.23,387000.0,5.1,967.0,69.5,25.61,101.0466,10035.3,213.448,101.4508,214.42,1322.699951171875,1.0
2008-04-30,2.37,370000.0,5.0,1008.0,62.6,20.79,100.8642,10070.3,213.942,100.7554,214.56,1385.5899658203125,1.0
2008-05-31,2.12,362000.0,5.4,995.0,59.8,17.83,100.6157,10132.3,215.208,100.1336,214.936,1400.3800048828125,1.0
2008-06-30,2.21,392000.0,5.6,1180.0,56.4,23.95,100.2665,10187.1,217.463,99.8728,215.424,1280.0,1.0
2008-07-31,2.35,434000.0,5.8,921.0,61.2,22.94,99.78567,10185.1,219.016,99.4194,215.965,1267.3800048828125,1.0
2008-08-31,2.14,442000.0,6.1,858.0,63.0,20.65,99.16016,10175.7,218.69,97.8491,216.393,1282.8299560546875,1.0
2008-09-30,2.54,483000.0,6.1,797.0,70.3,39.39,98.40290999999999,10116.4,218.877,93.5576,216.713,1166.3599853515625,1.0
2008-10-31,3.12,480000.0,6.5,736.0,57.6,59.89,97.57042,10034.1,216.995,94.4985,216.788,968.75,1.0
2008-11-30,3.34,529000.0,6.8,626.0,55.3,55.84,96.77334,9885.2,213.153,93.2617,216.947,896.239990234375,1.0
2008-12-31,2.39,533000.0,7.3,554.0,60.1,40.0,96.10251,9801.5,211.398,90.6266,216.925,903.25,1.0
2009-01-31,2.39,629000.0,7.8,545.0,61.2,44.84,95.6155,9847.2,211.933,88.3712,217.346,825.8800048828125,1.0
2009-02-28,2.57,652000.0,8.3,558.0,56.3,46.35,95.3459,9824.5,212.705,87.843,217.792,735.0900268554688,1.0
2009-03-31,2.6,665000.0,8.7,513.0,57.3,44.14,95.30939000000001,9773.2,212.495,86.4689,218.253,797.8699951171875,1.0
2009-04-30,2.77,620000.0,9.0,521.0,65.1,36.5,95.49648,9772.5,212.709,85.7903,218.706,872.8099975585938,1.0
2009-05-31,3.11,607000.0,9.4,556.0,68.7,28.92,95.84531,9791.6,213.022,84.9436,218.904,919.1400146484375,1.0
2009-06-30,3.54,594000.0,9.5,601.0,70.8,26.35,96.29185,9852.4,214.79,84.6746,219.112,919.3200073242188,1.0
2009-07-31,3.38,587000.0,9.5,595.0,66.0,25.92,96.77999,9886.3,214.726,85.6853,219.263,987.47998046875,0.0
2009-08-31,3.42,564000.0,9.6,616.0,65.7,26.01,97.27346,10004.1,215.445,86.6393,219.496,1020.6199951171875,0.0
2009-09-30,3.28,554000.0,9.8,609.0,73.5,25.61,97.74571999999999,9927.8,215.861,87.3821,219.92,1057.0799560546875,0.0
2009-10-31,3.32,522000.0,10.0,583.0,70.6,30.69,98.18285,9976.7,216.509,87.5809,220.501,1036.18994140625,0.0
2009-11-30,3.35,475000.0,9.9,623.0,67.4,24.51,98.5845,9985.7,217.234,87.9388,220.666,1095.6300048828125,0.0
2009-12-31,3.54,468000.0,9.9,664.0,72.5,21.68,98.95368,10052.6,217.347,88.2404,220.881,1115.0999755859375,0.0
2010-01-31,3.67,496000.0,9.8,636.0,74.4,24.62,99.27216,10056.1,217.488,89.1897,220.633,1073.8699951171875,0.0
2010-02-28,3.58,488000.0,9.8,650.0,73.6,19.5,99.50831,10093.4,217.281,89.5046,220.731,1104.489990234375,0.0
2010-03-31,3.58,459000.0,9.9,687.0,73.6,17.59,99.66566,10156.0,217.353,90.1356,220.783,1169.4300537109375,0.0
2010-04-30,3.69,449000.0,9.9,637.0,72.2,22.05,99.72921,10182.3,217.403,90.4607,220.822,1186.68994140625,0.0
2010-05-31,3.26,458000.0,9.6,575.0,73.6,32.07,99.70831,10210.8,217.29,91.7014,220.962,1089.4100341796875,0.0
2010-06-30,3.08,464000.0,9.4,587.0,76.0,34.54,99.63864000000001,10231.3,217.199,91.9033,221.194,1030.7099609375,0.0
2010-07-31,2.85,476000.0,9.4,579.0,67.8,23.5,99.57851,10268.1,217.605,92.2549,221.363,1101.5999755859375,0.0
2010-08-31,2.54,467000.0,9.5,580.0,68.9,26.05,99.57319,10307.1,217.923,92.5936,221.509,1049.3299560546875,0.0
2010-09-30,2.5,459000.0,9.5,563.0,68.2,23.7,99.63367,10327.1,218.275,92.8533,221.711,1141.199951171875,0.0
2010-10-31,2.41,453000.0,9.4,558.0,67.7,21.2,99.74897,10386.4,219.035,92.6033,221.83,1183.260009765625,0.0
2010-11-30,2.62,432000.0,9.8,560.0,71.6,23.54,99.91078,10433.6,219.59,92.6686,222.149,1180.550048828125,0.0
2010-12-31,3.15,404000.0,9.3,632.0,74.5,17.75,100.0835,10471.0,220.472,93.5916,222.343,1257.6400146484375,0.0
2011-01-31,3.24,420000.0,9.1,576.0,74.2,19.53,100.2302,10514.3,221.187,93.3889,222.803,1286.1199951171875,0.0
2011-02-28,3.45,385000.0,9.0,542.0,77.5,18.35,100.3192,10540.6,221.898,93.0045,223.213,1327.219970703125,0.0
2011-03-31,3.31,399000.0,9.0,583.0,67.5,17.74,100.3181,10619.7,223.046,93.9684,223.454,1325.8299560546875,0.0
2011-04-30,3.4,468000.0,9.1,581.0,69.8,14.75,100.2247,10652.1,224.093,93.6571,223.727,1363.6099853515625,0.0
2011-05-31,3.13,418000.0,9.0,618.0,74.3,15.45,100.0492,10672.2,224.806,93.7723,224.175,1345.199951171875,0.0
2011-06-30,2.96,421000.0,9.1,636.0,71.5,16.52,99.81156999999999,10694.8,224.806,94.0493,224.697,1320.6400146484375,0.0
2011-07-31,2.96,406000.0,9.0,621.0,63.7,25.25,99.55637,10731.6,225.395,94.4958,225.218,1292.280029296875,0.0
2011-08-31,2.28,409000.0,9.0,647.0,55.8,31.62,99.34052,10750.3,226.106,95.0974,225.862,1218.8900146484375,0.0
2011-09-30,1.97,406000.0,9.0,610.0,59.5,42.96,99.22665,10783.2,226.597,95.0244,226.118,1131.4200439453125,0.0
2011-10-31,2.13,399000.0,8.8,671.0,60.8,29.96,99.2426,10802.9,226.75,95.6891,226.506,1253.300048828125,0.0
2011-11-30,2.0,397000.0,8.6,706.0,63.7,27.8,99.37043,10806.8,227.169,95.6778,226.899,1246.9599609375,0.0
2011-12-31,1.97,376000.0,8.5,697.0,69.9,23.4,99.56333000000001,10817.8,227.223,96.1809,227.405,1257.5999755859375,0.0
2012-01-31,1.94,372000.0,8.3,712.0,75.0,19.44,99.75617,10896.8,227.842,96.7595,227.877,1312.4100341796875,0.0
2012-02-29,1.88,365000.0,8.3,738.0,75.3,18.43,99.89115,10987.2,228.329,97.0662,228.034,1365.6800537109375,0.0
2012-03-31,2.09,358000.0,8.2,806.0,76.2,15.5,99.94395,10993.9,228.807,96.5609,228.478,1408.469970703125,0.0
2012-04-30,1.97,372000.0,8.2,732.0,76.4,17.15,99.91798,11018.5,229.187,97.251,228.905,1397.9100341796875,0.0
2012-05-31,1.71,381000.0,8.2,796.0,79.3,24.06,99.83439,11006.8,228.713,97.4595,229.224,1310.3299560546875,0.0
2012-06-30,1.53,372000.0,8.2,794.0,73.2,17.08,99.72973,10989.8,228.524,97.4768,229.623,1362.1600341796875,0.0
2012-07-31,1.43,372000.0,8.2,849.0,72.3,18.93,99.64983000000001,11016.8,228.59,97.6714,229.97,1379.3199462890625,0.0
2012-08-31,1.58,377000.0,8.1,840.0,74.3,17.47,99.61891999999999,11056.0,229.918,97.2734,230.233,1406.5799560546875,0.0
2012-09-30,1.61,376000.0,7.8,930.0,78.3,15.73,99.64855,11105.3,231.015,97.2217,230.659,1440.6700439453125,0.0
2012-10-31,1.65,364000.0,7.8,887.0,82.6,18.6,99.71512,11137.4,231.638,97.5311,231.024,1412.1600341796875,0.0
2012-11-30,1.56,388000.0,7.7,917.0,82.7,15.87,99.80225,11178.4,231.249,97.9084,231.33,1416.1800537109375,0.0
2012-12-31,1.65,362000.0,7.9,941.0,72.9,18.02,99.91215,11181.2,231.221,98.1884,231.725,1426.18994140625,0.0
2013-01-31,1.84,366000.0,8.0,940.0,73.8,14.28,100.0398,11252.4,231.679,98.1736,232.229,1498.1099853515625,0.0
2013-02-28,1.88,342000.0,7.7,980.0,77.6,15.51,100.17,11290.5,232.937,98.6434,232.569,1514.6800537109375,0.0
2013-03-31,1.87,375000.0,7.5,936.0,78.6,12.7,100.2792,11290.1,232.282,99.047,232.794,1569.18994140625,0.0
2013-04-30,1.7,331000.0,7.6,1012.0,76.4,13.52,100.3812,11281.1,231.797,98.9445,232.832,1597.5699462890625,0.0
2013-05-31,1.89,353000.0,7.5,1003.0,84.5,16.3,100.4823,11321.6,231.893,99.0383,232.996,1630.739990234375,0.0
2013-06-30,2.25,340000.0,7.5,942.0,84.1,16.86,100.5623,11344.4,232.445,99.2221,233.35,1606.280029296875,0.0
2013-07-31,2.54,334000.0,7.3,997.0,85.1,13.45,100.611,11372.6,232.9,98.8987,233.88,1685.72998046875,0.0
2013-08-31,2.7,325000.0,7.2,964.0,82.1,17.01,100.64,11406.6,233.456,99.4897,234.336,1632.969970703125,0.0
2013-09-30,2.79,319000.0,7.2,1004.0,77.5,16.6,100.6522,11445.9,233.544,100.021,234.7,1681.550048828125,0.0
2013-10-31,2.57,347000.0,7.2,1044.0,73.2,13.75,100.6561,11498.0,233.669,99.9037,234.921,1756.5400390625,0.0
2013-11-30,2.65,312000.0,6.9,1029.0,75.1,13.7,100.6596,11562.5,234.1,100.1582,235.359,1805.81005859375,0.0
2013-12-31,2.83,332000.0,6.7,1005.0,82.5,13.72,100.6531,11593.2,234.719,100.374,235.759,1848.3599853515625,0.0
2014-01-31,2.82,340000.0,6.6,976.0,81.2,18.41,100.6421,11578.8,235.288,99.9899,235.961,1782.5899658203125,0.0
2014-02-28,2.66,341000.0,6.7,1039.0,81.6,14.0,100.6572,11636.9,235.547,100.7471,236.185,1859.449951171875,0.0
2014-03-31,2.67,330000.0,6.7,1067.0,80.0,13.88,100.6986,11722.3,236.028,101.7435,236.625,1872.3399658203125,0.0
2014-04-30,2.68,345000.0,6.2,1090.0,84.1,13.41,100.7503,11762.3,236.468,101.8273,237.072,1883.949951171875,0.0
2014-05-31,2.53,312000.0,6.3,1018.0,81.9,11.4,100.7957,11807.3,236.918,102.2392,237.529,1923.5699462890625,0.0
2014-06-30,2.56,308000.0,6.1,1010.0,82.5,11.57,100.8292,11861.7,237.231,102.5774,237.837,1960.22998046875,0.0
2014-07-31,2.51,303000.0,6.2,1076.0,81.8,16.95,100.846,11904.4,237.498,102.7954,238.195,1930.6700439453125,0.0
2014-08-31,2.39,303000.0,6.1,1047.0,82.5,11.98,100.8486,11983.7,237.46,102.6322,238.405,2003.3699951171875,0.0
2014-09-30,2.51,290000.0,5.9,1077.0,84.6,16.31,100.8381,11991.4,237.477,102.9417,238.786,1972.2900390625,0.0
2014-10-31,2.28,291000.0,5.7,1094.0,86.9,14.03,100.8113,12064.7,237.43,102.9611,239.191,2018.050048828125,0.0
2014-11-30,2.31,291000.0,5.8,1059.0,88.8,13.33,100.7686,12083.9,236.983,103.5978,239.458,2067.56005859375,0.0
2014-12-31,2.18,285000.0,5.6,1072.0,93.6,19.2,100.7052,12096.1,236.252,103.6151,239.584,2058.89990234375,0.0
2015-01-31,1.85,281000.0,5.7,1049.0,98.1,20.97,100.6224,12066.7,234.747,102.7923,239.811,1994.989990234375,0.0
2015-02-28,1.96,317000.0,5.5,1127.0,95.4,13.34,100.5264,12116.6,235.342,102.1366,240.172,2104.5,0.0
2015-03-31,2.01,269000.0,5.4,1072.0,93.0,15.29,100.4264,12176.1,235.976,101.7869,240.755,2067.889892578125,0.0
2015-04-30,1.92,269000.0,5.4,1166.0,95.9,14.55,100.32700000000001,12209.1,236.222,101.2255,241.346,2085.510009765625,0.0
2015-05-31,2.18,275000.0,5.6,1272.0,90.7,13.84,100.2221,12275.4,237.001,100.7675,241.688,2107.389892578125,0.0
2015-06-30,2.34,275000.0,5.3,1379.0,96.1,18.23,100.1078,12307.9,237.657,100.4588,242.064,2063.110107421875,0.0
2015-07-31,2.29,269000.0,5.2,1140.0,93.1,12.12,99.96508,12364.9,238.034,101.0893,242.565,2103.840087890625,0.0
2015-08-31,2.1,279000.0,5.1,1165.0,91.9,28.43,99.80469000000001,12396.2,238.033,100.9165,242.817,1972.1800537109375,0.0
2015-09-30,2.15,272000.0,5.0,1144.0,87.2,24.5,99.64994,12386.4,237.498,100.633,243.316,1920.030029296875,0.0
2015-10-31,2.05,275000.0,5.0,1160.0,90.0,15.07,99.52224,12394.9,237.733,100.1563,243.768,2079.360107421875,0.0
2015-11-30,2.13,265000.0,5.1,1244.0,91.3,16.13,99.41467,12423.2,238.017,99.4366,244.241,2080.409912109375,0.0
2015-12-31,2.01,276000.0,5.0,1211.0,92.6,18.21,99.32087,12452.0,237.761,98.9471,244.547,2043.93994140625,0.0
2016-01-31,1.83,282000.0,4.8,1171.0,92.0,20.2,99.24446,12478.0,237.652,99.4391,244.955,1940.239990234375,0.0
2016-02-29,1.47,269000.0,4.9,1172.0,91.7,20.55,99.19215,12554.5,237.336,98.9232,245.51,1932.22998046875,0.0
2016-03-31,1.59,271000.0,5.0,1118.0,91.0,13.95,99.1731,12537.0,238.08,98.1635,245.913,2059.739990234375,0.0
2016-04-30,1.58,278000.0,5.1,1160.0,89.0,15.7,99.17165,12611.5,238.992,98.4775,246.551,2065.300048828125,0.0
2016-05-31,1.53,263000.0,4.8,1205.0,94.7,14.19,99.17371,12652.7,239.557,98.2549,247.137,2096.949951171875,0.0
2016-06-30,1.37,262000.0,4.9,1208.0,93.5,15.63,99.17411,12731.2,240.222,98.7315,247.54,2098.860107421875,0.0
2016-07-31,1.2,266000.0,4.8,1198.0,90.0,11.87,99.18951,12756.7,240.101,98.8452,247.829,2173.60009765625,0.0
2016-08-31,1.26,261000.0,4.9,1201.0,89.8,13.42,99.23176,12788.1,240.545,98.7427,248.423,2170.949951171875,0.0
2016-09-30,1.34,247000.0,5.0,1303.0,91.2,13.29,99.31293000000001,12846.6,241.176,98.6552,248.842,2168.27001953125,0.0
2016-10-31,1.43,265000.0,4.9,1254.0,87.2,17.06,99.42846999999999,12867.0,241.741,98.7237,249.142,2126.14990234375,0.0
2016-11-30,1.69,255000.0,4.7,1230.0,93.8,13.33,99.56319,12893.0,242.026,98.3443,249.481,2198.81005859375,0.0
2016-12-31,1.98,244000.0,4.7,1248.0,98.2,14.04,99.69708,13005.9,242.637,99.0406,249.92,2238.830078125,0.0
2017-01-31,1.91,241000.0,4.7,1303.0,98.5,11.99,99.80351999999999,13063.7,243.618,98.8158,250.467,2278.8701171875,0.0
2017-02-28,1.89,221000.0,4.6,1234.0,96.3,12.92,99.87235,13088.4,244.006,98.4356,250.998,2363.639892578125,0.0
2017-03-31,1.73,236000.0,4.4,1272.0,96.9,12.37,99.90405,13139.9,243.892,99.0492,250.944,2362.719970703125,0.0
2017-04-30,1.49,232000.0,4.4,1251.0,97.0,10.82,99.91348,13169.2,244.193,100.0416,251.227,2384.199951171875,0.0
2017-05-31,1.4,253000.0,4.4,1208.0,97.1,10.41,99.91911,13171.9,244.004,100.128,251.43,2411.800048828125,0.0
2017-06-30,1.19,247000.0,4.3,1353.0,95.0,11.18,99.93415,13225.2,244.163,100.337,251.746,2423.409912109375,0.0
2017-07-31,1.23,245000.0,4.3,1256.0,93.4,10.26,99.96452,13263.3,244.243,100.0865,251.985,2470.300048828125,0.0
2017-08-31,1.18,247000.0,4.4,1319.0,96.8,10.59,100.03299999999999,13294.6,245.183,99.6323,252.535,2471.64990234375,0.0
2017-09-30,1.15,260000.0,4.3,1273.0,95.1,9.51,100.131,13417.3,246.435,99.7482,252.812,2519.360107421875,0.0
2017-10-31,1.27,241000.0,4.2,1356.0,100.7,10.18,100.2471,13447.5,246.626,100.9893,253.526,2575.260009765625,0.0
2017-11-30,1.1,243000.0,4.2,1299.0,98.5,11.28,100.3643,13540.6,247.284,101.2493,253.816,2647.580078125,0.0
2017-12-31,1.06,248000.0,4.1,1311.0,95.9,11.04,100.4772,13666.1,247.805,101.4871,254.344,2673.610107421875,0.0
2018-01-31,1.15,228000.0,4.0,1317.0,95.7,13.54,100.5871,13703.3,248.859,101.4852,255.204,2823.81005859375,0.0
2018-02-28,1.27,216000.0,4.1,1321.0,99.7,19.85,100.6859,13738.7,249.529,101.7319,255.711,2713.830078125,0.0
2018-03-31,1.11,232000.0,4.0,1385.0,101.4,19.97,100.7467,13793.2,249.577,102.1943,256.271,2640.8701171875,0.0
2018-04-30,1.08,209000.0,4.0,1378.0,98.8,15.93,100.7645,13838.4,250.227,103.3551,256.63,2648.050048828125,0.0
2018-05-31,1.08,222000.0,3.8,1338.0,98.0,15.43,100.7493,13905.0,250.792,102.381,257.145,2705.27001953125,0.0
2018-06-30,0.97,228000.0,4.0,1345.0,98.2,16.09,100.7076,13930.4,251.018,103.2256,257.399,2718.3701171875,0.0
2018-07-31,0.9,207000.0,3.8,1334.0,97.9,12.83,100.6413,13974.8,251.214,103.3561,257.699,2816.2900390625,0.0
2018-08-31,0.82,211000.0,3.8,1273.0,96.2,12.86,100.5526,14014.0,251.663,104.0585,257.891,2901.52001953125,0.0
2018-09-30,0.83,210000.0,3.7,1314.0,100.1,12.12,100.4275,14017.8,252.182,104.1038,258.368,2913.97998046875,0.0
2018-10-31,0.86,216000.0,3.8,1272.0,98.6,21.23,100.2606,14083.1,252.772,103.9297,258.917,2711.739990234375,0.0
2018-11-30,0.75,237000.0,3.8,1340.0,97.5,18.07,100.0662,14162.9,252.594,104.0126,259.439,2760.169921875,0.0
2018-12-31,0.42,238000.0,3.9,1317.0,98.3,25.42,99.86469,14051.6,252.767,104.0451,260.063,2506.85009765625,0.0
2019-01-31,0.29,234000.0,4.0,1254.0,91.2,16.57,99.67631999999999,14084.6,252.561,103.3598,260.766,2704.10009765625,0.0
2019-02-28,0.24,221000.0,3.8,1286.0,93.8,14.78,99.5174,14117.4,253.319,102.8251,261.186,2784.489990234375,0.0
2019-03-31,0.12,203000.0,3.8,1295.0,98.4,13.71,99.38998000000001,14248.6,254.277,102.8361,261.567,2834.39990234375,0.0
2019-04-30,0.1,224000.0,3.7,1322.0,97.2,13.12,99.27512,14290.0,255.233,102.2748,261.997,2945.830078125,0.0
2019-05-31,0.0,222000.0,3.6,1347.0,100.0,18.71,99.17093,14353.3,255.296,102.4176,262.217,2752.06005859375,0.0
2019-06-30,-0.15,226000.0,3.6,1299.0,98.2,15.08,99.08028,14408.7,255.213,102.5425,262.739,2941.760009765625,0.0
2019-07-31,-0.08,206000.0,3.7,1379.0,98.4,16.12,99.00743,14496.0,255.802,102.0057,263.28,2980.3798828125,0.0
2019-08-31,-0.36,215000.0,3.6,1482.0,89.8,18.98,98.96103000000001,14558.2,256.036,102.7814,263.877,2926.4599609375,0.0
2019-09-30,-0.23,215000.0,3.5,1469.0,93.2,16.24,98.96491,14590.6,256.43,102.4601,264.388,2976.739990234375,0.0
2019-10-31,0.03,215000.0,3.6,1523.0,95.5,13.22,99.01380999999999,14617.4,257.155,101.5878,264.97,3037.56005859375,0.0
2019-11-30,0.24,231000.0,3.6,1535.0,96.8,12.62,99.08697,14711.0,257.879,102.1494,265.548,3140.97998046875,0.0
2019-12-31,0.29,231000.0,3.6,1443.0,99.3,13.78,99.15616,14774.8,258.63,101.9421,266.02,3230.780029296875,0.0
2020-01-31,0.21,210000.0,3.6,1495.0,99.8,18.84,99.18732,14844.3,259.127,101.3372,266.716,3225.52001953125,0.0
2020-02-29,-0.04,215000.0,3.5,1455.0,101.0,40.11,99.15326,14833.8,259.25,101.6718,267.37,2954.219970703125,0.0
2020-03-31,0.57,5946000.0,4.4,1346.0,89.1,53.54,97.89362,13810.5,258.076,97.606,267.054,2584.590087890625,1.0
2020-04-30,0.52,3446000.0,14.8,1076.0,71.8,34.15,93.4837,12234.4,256.032,84.6812,265.746,2912.429931640625,1.0
2020-05-31,0.54,1639000.0,13.2,1250.0,72.3,27.51,94.9228,13251.7,255.802,86.0108,265.412,3044.31005859375,0.0
2020-06-30,0.57,1446000.0,11.0,1334.0,78.1,30.43,96.59299,14040.8,257.042,91.6745,265.849,3100.2900390625,0.0
2020-07-31,0.49,1260000.0,10.2,1546.0,72.5,24.46,97.98195,14303.8,258.352,95.0037,267.389,3271.1201171875,0.0
2020-08-31,0.55,881000.0,8.4,1533.0,74.1,26.41,98.58877,14454.9,259.316,95.9294,268.422,3500.31005859375,0.0
2020-09-30,0.57,795000.0,7.8,1636.0,80.4,26.37,98.8585,14675.4,259.997,95.8914,268.933,3363.0,0.0
2020-10-31,0.69,773000.0,6.9,1613.0,81.8,38.02,99.18831,14726.0,260.319,96.5256,269.306,3269.9599609375,0.0
2020-11-30,0.78,737000.0,6.7,1703.0,76.9,20.57,99.54637,14704.9,260.911,96.9529,269.981,3621.6298828125,0.0
2020-12-31,0.84,773000.0,6.7,1752.0,80.7,22.75,99.92159000000001,14827.3,262.045,98.2039,270.341,3756.070068359375,0.0
2021-01-31,1.0,803000.0,6.4,1855.0,79.0,33.09,100.2579,15081.5,262.639,98.8135,270.416,3714.239990234375,0.0
2021-02-28,1.22,704000.0,6.2,1711.0,76.8,27.95,100.5935,14984.4,263.573,95.5072,270.776,3811.14990234375,0.0
2021-03-31,1.58,658000.0,6.1,1756.0,84.9,19.4,100.8863,15712.4,264.847,98.1929,271.453,3972.889892578125,0.0
2021-04-30,1.61,574000.0,6.1,1721.0,88.3,18.61,101.131,15915.0,266.625,98.3317,273.626,4181.169921875,0.0
2021-05-31,1.6,427000.0,5.8,1703.0,82.9,16.76,101.2037,15950.5,268.404,99.1867,275.457,4204.10986328125,0.0
2021-06-30,1.48,369000.0,5.9,1654.0,85.5,15.83,101.2113,16183.6,270.71,99.6483,277.608,4297.5,0.0
2021-07-31,1.27,380000.0,5.4,1658.0,81.2,18.24,101.1688,16223.5,271.965,100.0668,278.639,4395.259765625,0.0
2021-08-31,1.23,353000.0,5.1,1736.0,70.3,16.48,101.1064,16390.6,272.752,100.0412,279.021,4522.68017578125,0.0
2021-09-30,1.33,374000.0,4.7,1640.0,72.8,23.14,101.0549,16477.5,273.942,98.9955,279.727,4307.5400390625,0.0
2021-10-31,1.53,262000.0,4.5,1707.0,71.7,16.26,101.0183,16694.0,276.528,100.3542,281.649,4605.3798828125,0.0
2021-11-30,1.51,222000.0,4.2,1765.0,67.4,27.19,100.9874,16849.0,278.824,101.2684,283.411,4567.0,0.0
2021-12-31,1.4,216000.0,3.9,1919.0,70.6,17.22,100.9415,16905.5,280.806,101.1948,285.221,4766.18017578125,0.0
2022-01-31,1.61,231000.0,4.0,1920.0,67.2,24.83,100.8647,17017.8,282.542,101.2146,286.799,4515.5498046875,0.0
2022-02-28,1.62,209000.0,3.8,1857.0,62.8,30.15,100.7504,17136.1,284.525,101.8458,288.256,4373.93994140625,0.0
2022-03-31,1.68,214000.0,3.7,1868.0,59.4,20.56,100.5853,17371.4,287.467,102.6732,289.044,4530.41015625,0.0
2022-04-30,1.99,219000.0,3.7,1859.0,65.2,33.4,100.368,17493.8,288.582,102.9024,290.474,4131.93017578125,0.0
2022-05-31,1.91,200000.0,3.6,1704.0,58.4,26.19,100.1016,17569.9,291.299,102.9659,292.039,4132.14990234375,0.0
2022-06-30,1.6,212000.0,3.6,1737.0,50.0,28.71,99.82359,17747.6,295.072,102.8224,294.009,3785.3798828125,0.0
2022-07-31,0.6,228000.0,3.5,1703.0,51.5,21.33,99.57864000000001,17744.0,294.94,103.0505,295.08,4130.2900390625,0.0
2022-08-31,0.18,210000.0,3.6,1557.0,58.2,25.87,99.38433,17897.5,295.162,103.1703,296.582,3955.0,0.0
2022-09-30,0.3,189000.0,3.5,1600.0,58.6,31.62,99.22839,17987.2,296.421,103.5326,298.281,3585.6201171875,0.0
2022-10-31,0.11,202000.0,3.6,1594.0,59.9,25.88,99.10165,18096.2,297.979,103.4442,299.381,3871.97998046875,0.0
2022-11-30,-0.43,209000.0,3.6,1401.0,56.7,20.58,99.00354,18094.0,298.708,103.1058,300.316,4080.110107421875,0.0
2022-12-31,-0.74,204000.0,3.5,1410.0,59.8,21.67,98.94633,18134.6,298.808,101.8266,301.433,3839.5,0.0
2023-01-31,-1.16,200000.0,3.5,1410.0,64.9,19.4,98.92989,18475.2,300.456,102.7476,302.685,4076.60009765625,0.0
2023-02-28,-1.04,209000.0,3.6,1618.0,66.9,20.7,98.93414,18532.1,301.476,102.8003,304.097,3970.14990234375,0.0
2023-03-31,-1.2,234000.0,3.5,1480.0,62.0,18.7,98.95952,18511.3,301.643,102.8143,305.123,4109.31005859375,0.0
2023-04-30,-1.61,214000.0,3.4,1474.0,63.7,15.78,99.02001,18638.7,302.858,103.2241,306.49,4169.47998046875,0.0
2023-05-31,-1.74,230000.0,3.6,1575.0,59.0,17.94,99.11296,18676.4,303.316,102.9809,307.623,4179.830078125,0.0
2023-06-30,-1.67,236000.0,3.6,1464.0,64.2,13.59,99.2275,18742.1,304.099,102.3809,308.291,4450.3798828125,0.0
2023-07-31,-1.59,238000.0,3.5,1522.0,71.5,13.63,99.33507,18850.5,304.615,103.0722,308.959,4588.9599609375,0.0
2023-08-31,-1.39,234000.0,3.7,1561.0,69.4,13.57,99.42045999999999,18911.6,306.138,103.0951,309.646,4507.66015625,0.0
2023-09-30,-1.18,216000.0,3.8,1537.0,67.8,17.52,99.48235,19024.9,307.374,103.3081,310.616,4288.0498046875,0.0
2023-10-31,-0.8,217000.0,3.9,1528.0,63.8,18.14,99.53435,19069.5,307.653,102.5781,311.433,4193.7998046875,0.0
2023-11-30,-1.02,214000.0,3.7,1503.0,61.3,12.92,99.60859,19151.0,308.087,102.8868,312.373,4567.7998046875,0.0
2023-12-31,-1.42,198000.0,3.8,1519.0,69.7,12.45,99.71788000000001,19289.9,308.735,102.6309,313.23,4769.830078125,0.0
2024-01-31,-1.39,225000.0,3.7,1545.0,79.0,14.35,99.85410999999999,19308.5,309.794,101.483,314.389,4845.64990234375,0.0
2024-02-29,-1.23,214000.0,3.9,1577.0,76.9,13.4,,19412.7,311.022,102.7267,315.555,5096.27001953125,0.0
2024-03-31,-1.26,223000.0,3.9,1476.0,79.4,13.01,,19553.2,312.107,102.5186,316.762,5254.35009765625,0.0
2024-04-30,-0.9,209000.0,3.9,1459.0,77.2,15.65,,19603.3,313.016,102.3568,317.596,5035.68994140625,0.0
2024-05-31,-0.97,221000.0,4.0,1407.0,69.1,12.92,,19697.3,313.14,102.9797,318.053,5277.509765625,0.0
2024-06-30,-1.2,238000.0,4.1,1461.0,68.2,12.44,,19747.5,313.131,103.2534,318.343,5460.47998046875,0.0
2024-07-31,-1.18,248000.0,4.2,1436.0,66.4,16.36,,19866.3,313.566,102.5192,318.933,5522.2998046875,0.0
2024-08-31,-1.43,228000.0,4.2,1476.0,67.9,15.0,,19905.0,314.131,103.0196,319.839,5648.39990234375,0.0
2024-09-30,-1.2,227000.0,4.1,1434.0,70.1,16.73,,20044.1,314.851,102.5954,320.835,5762.47998046875,0.0
2024-10-31,-0.62,218000.0,4.1,1428.0,70.5,23.16,,20123.2,315.564,102.2138,321.688,5705.4501953125,0.0
2024-11-30,-0.26,225000.0,4.2,1508.0,71.8,13.51,,20235.1,316.449,101.9503,322.619,6032.3798828125,0.0
2024-12-31,0.0,209000.0,4.1,1480.0,74.0,17.35,,20408.1,317.603,103.0447,323.296,5881.6298828125,0.0
2025-01-31,0.29,210000.0,4.0,1460.0,71.7,16.43,,20370.0,319.086,102.9343,324.739,6040.52978515625,0.0
2025-02-28,0.12,243000.0,4.1,1454.0,64.7,19.63,,20436.3,319.775,104.0003,325.475,5954.5,0.0
2025-03-31,-0.06,219000.0,4.2,1481.0,57.0,22.28,,20578.5,319.615,103.7483,325.659,5611.85009765625,0.0
2025-04-30,-0.04,241000.0,4.2,1422.0,52.2,24.7,,20622.0,320.321,103.8216,326.43,5569.06005859375,0.0
2025-05-31,0.06,248000.0,4.2,1394.0,52.2,18.57,,20592.7,320.58,103.5948,326.854,5911.68994140625,0.0
2025-06-30,-0.04,233000.0,4.1,,,16.73,,,,,,6204.9501953125,0.0
